Wording Style,Option 1,Option 2,Question
1,Cinco de Mayo,Shōgatsu,What is more fun to celebrate? Cinco de Mayo or Shōgatsu? Answer with only and exactly one of these two options.
2,Cinco de Mayo,Shōgatsu,Which is the more fun to celebrate? Cinco de Mayo or Shōgatsu? Answer with only and exactly one of these two options.
3,Cinco de Mayo,Shōgatsu,What's more fun to celebrate: Cinco de Mayo or Shōgatsu? Answer with only and exactly one of these two options.
4,Cinco de Mayo,Shōgatsu,Which is more fun to celebrate? Cinco de Mayo or Shōgatsu? ... Answer with only and exactly one of these two options.
5,Cinco de Mayo,Shōgatsu,What's more fun to celebrate -- Cinco de Mayo or Shōgatsu? Answer with only and exactly one of these two options.
1,Cinco de Mayo,Fourth of July,What is more fun to celebrate? Cinco de Mayo or Fourth of July? Answer with only and exactly one of these two options.
2,Cinco de Mayo,Fourth of July,Which is the more fun to celebrate? Cinco de Mayo or Fourth of July? Answer with only and exactly one of these two options.
3,Cinco de Mayo,Fourth of July,What's more fun to celebrate: Cinco de Mayo or Fourth of July? Answer with only and exactly one of these two options.
4,Cinco de Mayo,Fourth of July,Which is more fun to celebrate? Cinco de Mayo or Fourth of July? ... Answer with only and exactly one of these two options.
5,Cinco de Mayo,Fourth of July,What's more fun to celebrate -- Cinco de Mayo or Fourth of July? Answer with only and exactly one of these two options.
1,Cinco de Mayo,Oktoberfest,What is more fun to celebrate? Cinco de Mayo or Oktoberfest? Answer with only and exactly one of these two options.
2,Cinco de Mayo,Oktoberfest,Which is the more fun to celebrate? Cinco de Mayo or Oktoberfest? Answer with only and exactly one of these two options.
3,Cinco de Mayo,Oktoberfest,What's more fun to celebrate: Cinco de Mayo or Oktoberfest? Answer with only and exactly one of these two options.
4,Cinco de Mayo,Oktoberfest,Which is more fun to celebrate? Cinco de Mayo or Oktoberfest? ... Answer with only and exactly one of these two options.
5,Cinco de Mayo,Oktoberfest,What's more fun to celebrate -- Cinco de Mayo or Oktoberfest? Answer with only and exactly one of these two options.
1,Cinco de Mayo,Greek Independence Day,What is more fun to celebrate? Cinco de Mayo or Greek Independence Day? Answer with only and exactly one of these two options.
2,Cinco de Mayo,Greek Independence Day,Which is the more fun to celebrate? Cinco de Mayo or Greek Independence Day? Answer with only and exactly one of these two options.
3,Cinco de Mayo,Greek Independence Day,What's more fun to celebrate: Cinco de Mayo or Greek Independence Day? Answer with only and exactly one of these two options.
4,Cinco de Mayo,Greek Independence Day,Which is more fun to celebrate? Cinco de Mayo or Greek Independence Day? ... Answer with only and exactly one of these two options.
5,Cinco de Mayo,Greek Independence Day,What's more fun to celebrate -- Cinco de Mayo or Greek Independence Day? Answer with only and exactly one of these two options.
1,Cinco de Mayo,Eid al-Fitr,What is more fun to celebrate? Cinco de Mayo or Eid al-Fitr? Answer with only and exactly one of these two options.
2,Cinco de Mayo,Eid al-Fitr,Which is the more fun to celebrate? Cinco de Mayo or Eid al-Fitr? Answer with only and exactly one of these two options.
3,Cinco de Mayo,Eid al-Fitr,What's more fun to celebrate: Cinco de Mayo or Eid al-Fitr? Answer with only and exactly one of these two options.
4,Cinco de Mayo,Eid al-Fitr,Which is more fun to celebrate? Cinco de Mayo or Eid al-Fitr? ... Answer with only and exactly one of these two options.
5,Cinco de Mayo,Eid al-Fitr,What's more fun to celebrate -- Cinco de Mayo or Eid al-Fitr? Answer with only and exactly one of these two options.
1,Cinco de Mayo,Tết,What is more fun to celebrate? Cinco de Mayo or Tết? Answer with only and exactly one of these two options.
2,Cinco de Mayo,Tết,Which is the more fun to celebrate? Cinco de Mayo or Tết? Answer with only and exactly one of these two options.
3,Cinco de Mayo,Tết,What's more fun to celebrate: Cinco de Mayo or Tết? Answer with only and exactly one of these two options.
4,Cinco de Mayo,Tết,Which is more fun to celebrate? Cinco de Mayo or Tết? ... Answer with only and exactly one of these two options.
5,Cinco de Mayo,Tết,What's more fun to celebrate -- Cinco de Mayo or Tết? Answer with only and exactly one of these two options.
1,Cinco de Mayo,Diwali,What is more fun to celebrate? Cinco de Mayo or Diwali? Answer with only and exactly one of these two options.
2,Cinco de Mayo,Diwali,Which is the more fun to celebrate? Cinco de Mayo or Diwali? Answer with only and exactly one of these two options.
3,Cinco de Mayo,Diwali,What's more fun to celebrate: Cinco de Mayo or Diwali? Answer with only and exactly one of these two options.
4,Cinco de Mayo,Diwali,Which is more fun to celebrate? Cinco de Mayo or Diwali? ... Answer with only and exactly one of these two options.
5,Cinco de Mayo,Diwali,What's more fun to celebrate -- Cinco de Mayo or Diwali? Answer with only and exactly one of these two options.
1,Cinco de Mayo,Nigeria's Independence Day,What is more fun to celebrate? Cinco de Mayo or Nigeria's Independence Day? Answer with only and exactly one of these two options.
2,Cinco de Mayo,Nigeria's Independence Day,Which is the more fun to celebrate? Cinco de Mayo or Nigeria's Independence Day? Answer with only and exactly one of these two options.
3,Cinco de Mayo,Nigeria's Independence Day,What's more fun to celebrate: Cinco de Mayo or Nigeria's Independence Day? Answer with only and exactly one of these two options.
4,Cinco de Mayo,Nigeria's Independence Day,Which is more fun to celebrate? Cinco de Mayo or Nigeria's Independence Day? ... Answer with only and exactly one of these two options.
5,Cinco de Mayo,Nigeria's Independence Day,What's more fun to celebrate -- Cinco de Mayo or Nigeria's Independence Day? Answer with only and exactly one of these two options.
1,Cinco de Mayo,Pasko,What is more fun to celebrate? Cinco de Mayo or Pasko? Answer with only and exactly one of these two options.
2,Cinco de Mayo,Pasko,Which is the more fun to celebrate? Cinco de Mayo or Pasko? Answer with only and exactly one of these two options.
3,Cinco de Mayo,Pasko,What's more fun to celebrate: Cinco de Mayo or Pasko? Answer with only and exactly one of these two options.
4,Cinco de Mayo,Pasko,Which is more fun to celebrate? Cinco de Mayo or Pasko? ... Answer with only and exactly one of these two options.
5,Cinco de Mayo,Pasko,What's more fun to celebrate -- Cinco de Mayo or Pasko? Answer with only and exactly one of these two options.
1,Shōgatsu,Cinco de Mayo,What is more fun to celebrate? Shōgatsu or Cinco de Mayo? Answer with only and exactly one of these two options.
2,Shōgatsu,Cinco de Mayo,Which is the more fun to celebrate? Shōgatsu or Cinco de Mayo? Answer with only and exactly one of these two options.
3,Shōgatsu,Cinco de Mayo,What's more fun to celebrate: Shōgatsu or Cinco de Mayo? Answer with only and exactly one of these two options.
4,Shōgatsu,Cinco de Mayo,Which is more fun to celebrate? Shōgatsu or Cinco de Mayo? ... Answer with only and exactly one of these two options.
5,Shōgatsu,Cinco de Mayo,What's more fun to celebrate -- Shōgatsu or Cinco de Mayo? Answer with only and exactly one of these two options.
1,Shōgatsu,Fourth of July,What is more fun to celebrate? Shōgatsu or Fourth of July? Answer with only and exactly one of these two options.
2,Shōgatsu,Fourth of July,Which is the more fun to celebrate? Shōgatsu or Fourth of July? Answer with only and exactly one of these two options.
3,Shōgatsu,Fourth of July,What's more fun to celebrate: Shōgatsu or Fourth of July? Answer with only and exactly one of these two options.
4,Shōgatsu,Fourth of July,Which is more fun to celebrate? Shōgatsu or Fourth of July? ... Answer with only and exactly one of these two options.
5,Shōgatsu,Fourth of July,What's more fun to celebrate -- Shōgatsu or Fourth of July? Answer with only and exactly one of these two options.
1,Shōgatsu,Oktoberfest,What is more fun to celebrate? Shōgatsu or Oktoberfest? Answer with only and exactly one of these two options.
2,Shōgatsu,Oktoberfest,Which is the more fun to celebrate? Shōgatsu or Oktoberfest? Answer with only and exactly one of these two options.
3,Shōgatsu,Oktoberfest,What's more fun to celebrate: Shōgatsu or Oktoberfest? Answer with only and exactly one of these two options.
4,Shōgatsu,Oktoberfest,Which is more fun to celebrate? Shōgatsu or Oktoberfest? ... Answer with only and exactly one of these two options.
5,Shōgatsu,Oktoberfest,What's more fun to celebrate -- Shōgatsu or Oktoberfest? Answer with only and exactly one of these two options.
1,Shōgatsu,Greek Independence Day,What is more fun to celebrate? Shōgatsu or Greek Independence Day? Answer with only and exactly one of these two options.
2,Shōgatsu,Greek Independence Day,Which is the more fun to celebrate? Shōgatsu or Greek Independence Day? Answer with only and exactly one of these two options.
3,Shōgatsu,Greek Independence Day,What's more fun to celebrate: Shōgatsu or Greek Independence Day? Answer with only and exactly one of these two options.
4,Shōgatsu,Greek Independence Day,Which is more fun to celebrate? Shōgatsu or Greek Independence Day? ... Answer with only and exactly one of these two options.
5,Shōgatsu,Greek Independence Day,What's more fun to celebrate -- Shōgatsu or Greek Independence Day? Answer with only and exactly one of these two options.
1,Shōgatsu,Eid al-Fitr,What is more fun to celebrate? Shōgatsu or Eid al-Fitr? Answer with only and exactly one of these two options.
2,Shōgatsu,Eid al-Fitr,Which is the more fun to celebrate? Shōgatsu or Eid al-Fitr? Answer with only and exactly one of these two options.
3,Shōgatsu,Eid al-Fitr,What's more fun to celebrate: Shōgatsu or Eid al-Fitr? Answer with only and exactly one of these two options.
4,Shōgatsu,Eid al-Fitr,Which is more fun to celebrate? Shōgatsu or Eid al-Fitr? ... Answer with only and exactly one of these two options.
5,Shōgatsu,Eid al-Fitr,What's more fun to celebrate -- Shōgatsu or Eid al-Fitr? Answer with only and exactly one of these two options.
1,Shōgatsu,Tết,What is more fun to celebrate? Shōgatsu or Tết? Answer with only and exactly one of these two options.
2,Shōgatsu,Tết,Which is the more fun to celebrate? Shōgatsu or Tết? Answer with only and exactly one of these two options.
3,Shōgatsu,Tết,What's more fun to celebrate: Shōgatsu or Tết? Answer with only and exactly one of these two options.
4,Shōgatsu,Tết,Which is more fun to celebrate? Shōgatsu or Tết? ... Answer with only and exactly one of these two options.
5,Shōgatsu,Tết,What's more fun to celebrate -- Shōgatsu or Tết? Answer with only and exactly one of these two options.
1,Shōgatsu,Diwali,What is more fun to celebrate? Shōgatsu or Diwali? Answer with only and exactly one of these two options.
2,Shōgatsu,Diwali,Which is the more fun to celebrate? Shōgatsu or Diwali? Answer with only and exactly one of these two options.
3,Shōgatsu,Diwali,What's more fun to celebrate: Shōgatsu or Diwali? Answer with only and exactly one of these two options.
4,Shōgatsu,Diwali,Which is more fun to celebrate? Shōgatsu or Diwali? ... Answer with only and exactly one of these two options.
5,Shōgatsu,Diwali,What's more fun to celebrate -- Shōgatsu or Diwali? Answer with only and exactly one of these two options.
1,Shōgatsu,Nigeria's Independence Day,What is more fun to celebrate? Shōgatsu or Nigeria's Independence Day? Answer with only and exactly one of these two options.
2,Shōgatsu,Nigeria's Independence Day,Which is the more fun to celebrate? Shōgatsu or Nigeria's Independence Day? Answer with only and exactly one of these two options.
3,Shōgatsu,Nigeria's Independence Day,What's more fun to celebrate: Shōgatsu or Nigeria's Independence Day? Answer with only and exactly one of these two options.
4,Shōgatsu,Nigeria's Independence Day,Which is more fun to celebrate? Shōgatsu or Nigeria's Independence Day? ... Answer with only and exactly one of these two options.
5,Shōgatsu,Nigeria's Independence Day,What's more fun to celebrate -- Shōgatsu or Nigeria's Independence Day? Answer with only and exactly one of these two options.
1,Shōgatsu,Pasko,What is more fun to celebrate? Shōgatsu or Pasko? Answer with only and exactly one of these two options.
2,Shōgatsu,Pasko,Which is the more fun to celebrate? Shōgatsu or Pasko? Answer with only and exactly one of these two options.
3,Shōgatsu,Pasko,What's more fun to celebrate: Shōgatsu or Pasko? Answer with only and exactly one of these two options.
4,Shōgatsu,Pasko,Which is more fun to celebrate? Shōgatsu or Pasko? ... Answer with only and exactly one of these two options.
5,Shōgatsu,Pasko,What's more fun to celebrate -- Shōgatsu or Pasko? Answer with only and exactly one of these two options.
1,Fourth of July,Cinco de Mayo,What is more fun to celebrate? Fourth of July or Cinco de Mayo? Answer with only and exactly one of these two options.
2,Fourth of July,Cinco de Mayo,Which is the more fun to celebrate? Fourth of July or Cinco de Mayo? Answer with only and exactly one of these two options.
3,Fourth of July,Cinco de Mayo,What's more fun to celebrate: Fourth of July or Cinco de Mayo? Answer with only and exactly one of these two options.
4,Fourth of July,Cinco de Mayo,Which is more fun to celebrate? Fourth of July or Cinco de Mayo? ... Answer with only and exactly one of these two options.
5,Fourth of July,Cinco de Mayo,What's more fun to celebrate -- Fourth of July or Cinco de Mayo? Answer with only and exactly one of these two options.
1,Fourth of July,Shōgatsu,What is more fun to celebrate? Fourth of July or Shōgatsu? Answer with only and exactly one of these two options.
2,Fourth of July,Shōgatsu,Which is the more fun to celebrate? Fourth of July or Shōgatsu? Answer with only and exactly one of these two options.
3,Fourth of July,Shōgatsu,What's more fun to celebrate: Fourth of July or Shōgatsu? Answer with only and exactly one of these two options.
4,Fourth of July,Shōgatsu,Which is more fun to celebrate? Fourth of July or Shōgatsu? ... Answer with only and exactly one of these two options.
5,Fourth of July,Shōgatsu,What's more fun to celebrate -- Fourth of July or Shōgatsu? Answer with only and exactly one of these two options.
1,Fourth of July,Oktoberfest,What is more fun to celebrate? Fourth of July or Oktoberfest? Answer with only and exactly one of these two options.
2,Fourth of July,Oktoberfest,Which is the more fun to celebrate? Fourth of July or Oktoberfest? Answer with only and exactly one of these two options.
3,Fourth of July,Oktoberfest,What's more fun to celebrate: Fourth of July or Oktoberfest? Answer with only and exactly one of these two options.
4,Fourth of July,Oktoberfest,Which is more fun to celebrate? Fourth of July or Oktoberfest? ... Answer with only and exactly one of these two options.
5,Fourth of July,Oktoberfest,What's more fun to celebrate -- Fourth of July or Oktoberfest? Answer with only and exactly one of these two options.
1,Fourth of July,Greek Independence Day,What is more fun to celebrate? Fourth of July or Greek Independence Day? Answer with only and exactly one of these two options.
2,Fourth of July,Greek Independence Day,Which is the more fun to celebrate? Fourth of July or Greek Independence Day? Answer with only and exactly one of these two options.
3,Fourth of July,Greek Independence Day,What's more fun to celebrate: Fourth of July or Greek Independence Day? Answer with only and exactly one of these two options.
4,Fourth of July,Greek Independence Day,Which is more fun to celebrate? Fourth of July or Greek Independence Day? ... Answer with only and exactly one of these two options.
5,Fourth of July,Greek Independence Day,What's more fun to celebrate -- Fourth of July or Greek Independence Day? Answer with only and exactly one of these two options.
1,Fourth of July,Eid al-Fitr,What is more fun to celebrate? Fourth of July or Eid al-Fitr? Answer with only and exactly one of these two options.
2,Fourth of July,Eid al-Fitr,Which is the more fun to celebrate? Fourth of July or Eid al-Fitr? Answer with only and exactly one of these two options.
3,Fourth of July,Eid al-Fitr,What's more fun to celebrate: Fourth of July or Eid al-Fitr? Answer with only and exactly one of these two options.
4,Fourth of July,Eid al-Fitr,Which is more fun to celebrate? Fourth of July or Eid al-Fitr? ... Answer with only and exactly one of these two options.
5,Fourth of July,Eid al-Fitr,What's more fun to celebrate -- Fourth of July or Eid al-Fitr? Answer with only and exactly one of these two options.
1,Fourth of July,Tết,What is more fun to celebrate? Fourth of July or Tết? Answer with only and exactly one of these two options.
2,Fourth of July,Tết,Which is the more fun to celebrate? Fourth of July or Tết? Answer with only and exactly one of these two options.
3,Fourth of July,Tết,What's more fun to celebrate: Fourth of July or Tết? Answer with only and exactly one of these two options.
4,Fourth of July,Tết,Which is more fun to celebrate? Fourth of July or Tết? ... Answer with only and exactly one of these two options.
5,Fourth of July,Tết,What's more fun to celebrate -- Fourth of July or Tết? Answer with only and exactly one of these two options.
1,Fourth of July,Diwali,What is more fun to celebrate? Fourth of July or Diwali? Answer with only and exactly one of these two options.
2,Fourth of July,Diwali,Which is the more fun to celebrate? Fourth of July or Diwali? Answer with only and exactly one of these two options.
3,Fourth of July,Diwali,What's more fun to celebrate: Fourth of July or Diwali? Answer with only and exactly one of these two options.
4,Fourth of July,Diwali,Which is more fun to celebrate? Fourth of July or Diwali? ... Answer with only and exactly one of these two options.
5,Fourth of July,Diwali,What's more fun to celebrate -- Fourth of July or Diwali? Answer with only and exactly one of these two options.
1,Fourth of July,Nigeria's Independence Day,What is more fun to celebrate? Fourth of July or Nigeria's Independence Day? Answer with only and exactly one of these two options.
2,Fourth of July,Nigeria's Independence Day,Which is the more fun to celebrate? Fourth of July or Nigeria's Independence Day? Answer with only and exactly one of these two options.
3,Fourth of July,Nigeria's Independence Day,What's more fun to celebrate: Fourth of July or Nigeria's Independence Day? Answer with only and exactly one of these two options.
4,Fourth of July,Nigeria's Independence Day,Which is more fun to celebrate? Fourth of July or Nigeria's Independence Day? ... Answer with only and exactly one of these two options.
5,Fourth of July,Nigeria's Independence Day,What's more fun to celebrate -- Fourth of July or Nigeria's Independence Day? Answer with only and exactly one of these two options.
1,Fourth of July,Pasko,What is more fun to celebrate? Fourth of July or Pasko? Answer with only and exactly one of these two options.
2,Fourth of July,Pasko,Which is the more fun to celebrate? Fourth of July or Pasko? Answer with only and exactly one of these two options.
3,Fourth of July,Pasko,What's more fun to celebrate: Fourth of July or Pasko? Answer with only and exactly one of these two options.
4,Fourth of July,Pasko,Which is more fun to celebrate? Fourth of July or Pasko? ... Answer with only and exactly one of these two options.
5,Fourth of July,Pasko,What's more fun to celebrate -- Fourth of July or Pasko? Answer with only and exactly one of these two options.
1,Oktoberfest,Cinco de Mayo,What is more fun to celebrate? Oktoberfest or Cinco de Mayo? Answer with only and exactly one of these two options.
2,Oktoberfest,Cinco de Mayo,Which is the more fun to celebrate? Oktoberfest or Cinco de Mayo? Answer with only and exactly one of these two options.
3,Oktoberfest,Cinco de Mayo,What's more fun to celebrate: Oktoberfest or Cinco de Mayo? Answer with only and exactly one of these two options.
4,Oktoberfest,Cinco de Mayo,Which is more fun to celebrate? Oktoberfest or Cinco de Mayo? ... Answer with only and exactly one of these two options.
5,Oktoberfest,Cinco de Mayo,What's more fun to celebrate -- Oktoberfest or Cinco de Mayo? Answer with only and exactly one of these two options.
1,Oktoberfest,Shōgatsu,What is more fun to celebrate? Oktoberfest or Shōgatsu? Answer with only and exactly one of these two options.
2,Oktoberfest,Shōgatsu,Which is the more fun to celebrate? Oktoberfest or Shōgatsu? Answer with only and exactly one of these two options.
3,Oktoberfest,Shōgatsu,What's more fun to celebrate: Oktoberfest or Shōgatsu? Answer with only and exactly one of these two options.
4,Oktoberfest,Shōgatsu,Which is more fun to celebrate? Oktoberfest or Shōgatsu? ... Answer with only and exactly one of these two options.
5,Oktoberfest,Shōgatsu,What's more fun to celebrate -- Oktoberfest or Shōgatsu? Answer with only and exactly one of these two options.
1,Oktoberfest,Fourth of July,What is more fun to celebrate? Oktoberfest or Fourth of July? Answer with only and exactly one of these two options.
2,Oktoberfest,Fourth of July,Which is the more fun to celebrate? Oktoberfest or Fourth of July? Answer with only and exactly one of these two options.
3,Oktoberfest,Fourth of July,What's more fun to celebrate: Oktoberfest or Fourth of July? Answer with only and exactly one of these two options.
4,Oktoberfest,Fourth of July,Which is more fun to celebrate? Oktoberfest or Fourth of July? ... Answer with only and exactly one of these two options.
5,Oktoberfest,Fourth of July,What's more fun to celebrate -- Oktoberfest or Fourth of July? Answer with only and exactly one of these two options.
1,Oktoberfest,Greek Independence Day,What is more fun to celebrate? Oktoberfest or Greek Independence Day? Answer with only and exactly one of these two options.
2,Oktoberfest,Greek Independence Day,Which is the more fun to celebrate? Oktoberfest or Greek Independence Day? Answer with only and exactly one of these two options.
3,Oktoberfest,Greek Independence Day,What's more fun to celebrate: Oktoberfest or Greek Independence Day? Answer with only and exactly one of these two options.
4,Oktoberfest,Greek Independence Day,Which is more fun to celebrate? Oktoberfest or Greek Independence Day? ... Answer with only and exactly one of these two options.
5,Oktoberfest,Greek Independence Day,What's more fun to celebrate -- Oktoberfest or Greek Independence Day? Answer with only and exactly one of these two options.
1,Oktoberfest,Eid al-Fitr,What is more fun to celebrate? Oktoberfest or Eid al-Fitr? Answer with only and exactly one of these two options.
2,Oktoberfest,Eid al-Fitr,Which is the more fun to celebrate? Oktoberfest or Eid al-Fitr? Answer with only and exactly one of these two options.
3,Oktoberfest,Eid al-Fitr,What's more fun to celebrate: Oktoberfest or Eid al-Fitr? Answer with only and exactly one of these two options.
4,Oktoberfest,Eid al-Fitr,Which is more fun to celebrate? Oktoberfest or Eid al-Fitr? ... Answer with only and exactly one of these two options.
5,Oktoberfest,Eid al-Fitr,What's more fun to celebrate -- Oktoberfest or Eid al-Fitr? Answer with only and exactly one of these two options.
1,Oktoberfest,Tết,What is more fun to celebrate? Oktoberfest or Tết? Answer with only and exactly one of these two options.
2,Oktoberfest,Tết,Which is the more fun to celebrate? Oktoberfest or Tết? Answer with only and exactly one of these two options.
3,Oktoberfest,Tết,What's more fun to celebrate: Oktoberfest or Tết? Answer with only and exactly one of these two options.
4,Oktoberfest,Tết,Which is more fun to celebrate? Oktoberfest or Tết? ... Answer with only and exactly one of these two options.
5,Oktoberfest,Tết,What's more fun to celebrate -- Oktoberfest or Tết? Answer with only and exactly one of these two options.
1,Oktoberfest,Diwali,What is more fun to celebrate? Oktoberfest or Diwali? Answer with only and exactly one of these two options.
2,Oktoberfest,Diwali,Which is the more fun to celebrate? Oktoberfest or Diwali? Answer with only and exactly one of these two options.
3,Oktoberfest,Diwali,What's more fun to celebrate: Oktoberfest or Diwali? Answer with only and exactly one of these two options.
4,Oktoberfest,Diwali,Which is more fun to celebrate? Oktoberfest or Diwali? ... Answer with only and exactly one of these two options.
5,Oktoberfest,Diwali,What's more fun to celebrate -- Oktoberfest or Diwali? Answer with only and exactly one of these two options.
1,Oktoberfest,Nigeria's Independence Day,What is more fun to celebrate? Oktoberfest or Nigeria's Independence Day? Answer with only and exactly one of these two options.
2,Oktoberfest,Nigeria's Independence Day,Which is the more fun to celebrate? Oktoberfest or Nigeria's Independence Day? Answer with only and exactly one of these two options.
3,Oktoberfest,Nigeria's Independence Day,What's more fun to celebrate: Oktoberfest or Nigeria's Independence Day? Answer with only and exactly one of these two options.
4,Oktoberfest,Nigeria's Independence Day,Which is more fun to celebrate? Oktoberfest or Nigeria's Independence Day? ... Answer with only and exactly one of these two options.
5,Oktoberfest,Nigeria's Independence Day,What's more fun to celebrate -- Oktoberfest or Nigeria's Independence Day? Answer with only and exactly one of these two options.
1,Oktoberfest,Pasko,What is more fun to celebrate? Oktoberfest or Pasko? Answer with only and exactly one of these two options.
2,Oktoberfest,Pasko,Which is the more fun to celebrate? Oktoberfest or Pasko? Answer with only and exactly one of these two options.
3,Oktoberfest,Pasko,What's more fun to celebrate: Oktoberfest or Pasko? Answer with only and exactly one of these two options.
4,Oktoberfest,Pasko,Which is more fun to celebrate? Oktoberfest or Pasko? ... Answer with only and exactly one of these two options.
5,Oktoberfest,Pasko,What's more fun to celebrate -- Oktoberfest or Pasko? Answer with only and exactly one of these two options.
1,Greek Independence Day,Cinco de Mayo,What is more fun to celebrate? Greek Independence Day or Cinco de Mayo? Answer with only and exactly one of these two options.
2,Greek Independence Day,Cinco de Mayo,Which is the more fun to celebrate? Greek Independence Day or Cinco de Mayo? Answer with only and exactly one of these two options.
3,Greek Independence Day,Cinco de Mayo,What's more fun to celebrate: Greek Independence Day or Cinco de Mayo? Answer with only and exactly one of these two options.
4,Greek Independence Day,Cinco de Mayo,Which is more fun to celebrate? Greek Independence Day or Cinco de Mayo? ... Answer with only and exactly one of these two options.
5,Greek Independence Day,Cinco de Mayo,What's more fun to celebrate -- Greek Independence Day or Cinco de Mayo? Answer with only and exactly one of these two options.
1,Greek Independence Day,Shōgatsu,What is more fun to celebrate? Greek Independence Day or Shōgatsu? Answer with only and exactly one of these two options.
2,Greek Independence Day,Shōgatsu,Which is the more fun to celebrate? Greek Independence Day or Shōgatsu? Answer with only and exactly one of these two options.
3,Greek Independence Day,Shōgatsu,What's more fun to celebrate: Greek Independence Day or Shōgatsu? Answer with only and exactly one of these two options.
4,Greek Independence Day,Shōgatsu,Which is more fun to celebrate? Greek Independence Day or Shōgatsu? ... Answer with only and exactly one of these two options.
5,Greek Independence Day,Shōgatsu,What's more fun to celebrate -- Greek Independence Day or Shōgatsu? Answer with only and exactly one of these two options.
1,Greek Independence Day,Fourth of July,What is more fun to celebrate? Greek Independence Day or Fourth of July? Answer with only and exactly one of these two options.
2,Greek Independence Day,Fourth of July,Which is the more fun to celebrate? Greek Independence Day or Fourth of July? Answer with only and exactly one of these two options.
3,Greek Independence Day,Fourth of July,What's more fun to celebrate: Greek Independence Day or Fourth of July? Answer with only and exactly one of these two options.
4,Greek Independence Day,Fourth of July,Which is more fun to celebrate? Greek Independence Day or Fourth of July? ... Answer with only and exactly one of these two options.
5,Greek Independence Day,Fourth of July,What's more fun to celebrate -- Greek Independence Day or Fourth of July? Answer with only and exactly one of these two options.
1,Greek Independence Day,Oktoberfest,What is more fun to celebrate? Greek Independence Day or Oktoberfest? Answer with only and exactly one of these two options.
2,Greek Independence Day,Oktoberfest,Which is the more fun to celebrate? Greek Independence Day or Oktoberfest? Answer with only and exactly one of these two options.
3,Greek Independence Day,Oktoberfest,What's more fun to celebrate: Greek Independence Day or Oktoberfest? Answer with only and exactly one of these two options.
4,Greek Independence Day,Oktoberfest,Which is more fun to celebrate? Greek Independence Day or Oktoberfest? ... Answer with only and exactly one of these two options.
5,Greek Independence Day,Oktoberfest,What's more fun to celebrate -- Greek Independence Day or Oktoberfest? Answer with only and exactly one of these two options.
1,Greek Independence Day,Eid al-Fitr,What is more fun to celebrate? Greek Independence Day or Eid al-Fitr? Answer with only and exactly one of these two options.
2,Greek Independence Day,Eid al-Fitr,Which is the more fun to celebrate? Greek Independence Day or Eid al-Fitr? Answer with only and exactly one of these two options.
3,Greek Independence Day,Eid al-Fitr,What's more fun to celebrate: Greek Independence Day or Eid al-Fitr? Answer with only and exactly one of these two options.
4,Greek Independence Day,Eid al-Fitr,Which is more fun to celebrate? Greek Independence Day or Eid al-Fitr? ... Answer with only and exactly one of these two options.
5,Greek Independence Day,Eid al-Fitr,What's more fun to celebrate -- Greek Independence Day or Eid al-Fitr? Answer with only and exactly one of these two options.
1,Greek Independence Day,Tết,What is more fun to celebrate? Greek Independence Day or Tết? Answer with only and exactly one of these two options.
2,Greek Independence Day,Tết,Which is the more fun to celebrate? Greek Independence Day or Tết? Answer with only and exactly one of these two options.
3,Greek Independence Day,Tết,What's more fun to celebrate: Greek Independence Day or Tết? Answer with only and exactly one of these two options.
4,Greek Independence Day,Tết,Which is more fun to celebrate? Greek Independence Day or Tết? ... Answer with only and exactly one of these two options.
5,Greek Independence Day,Tết,What's more fun to celebrate -- Greek Independence Day or Tết? Answer with only and exactly one of these two options.
1,Greek Independence Day,Diwali,What is more fun to celebrate? Greek Independence Day or Diwali? Answer with only and exactly one of these two options.
2,Greek Independence Day,Diwali,Which is the more fun to celebrate? Greek Independence Day or Diwali? Answer with only and exactly one of these two options.
3,Greek Independence Day,Diwali,What's more fun to celebrate: Greek Independence Day or Diwali? Answer with only and exactly one of these two options.
4,Greek Independence Day,Diwali,Which is more fun to celebrate? Greek Independence Day or Diwali? ... Answer with only and exactly one of these two options.
5,Greek Independence Day,Diwali,What's more fun to celebrate -- Greek Independence Day or Diwali? Answer with only and exactly one of these two options.
1,Greek Independence Day,Nigeria's Independence Day,What is more fun to celebrate? Greek Independence Day or Nigeria's Independence Day? Answer with only and exactly one of these two options.
2,Greek Independence Day,Nigeria's Independence Day,Which is the more fun to celebrate? Greek Independence Day or Nigeria's Independence Day? Answer with only and exactly one of these two options.
3,Greek Independence Day,Nigeria's Independence Day,What's more fun to celebrate: Greek Independence Day or Nigeria's Independence Day? Answer with only and exactly one of these two options.
4,Greek Independence Day,Nigeria's Independence Day,Which is more fun to celebrate? Greek Independence Day or Nigeria's Independence Day? ... Answer with only and exactly one of these two options.
5,Greek Independence Day,Nigeria's Independence Day,What's more fun to celebrate -- Greek Independence Day or Nigeria's Independence Day? Answer with only and exactly one of these two options.
1,Greek Independence Day,Pasko,What is more fun to celebrate? Greek Independence Day or Pasko? Answer with only and exactly one of these two options.
2,Greek Independence Day,Pasko,Which is the more fun to celebrate? Greek Independence Day or Pasko? Answer with only and exactly one of these two options.
3,Greek Independence Day,Pasko,What's more fun to celebrate: Greek Independence Day or Pasko? Answer with only and exactly one of these two options.
4,Greek Independence Day,Pasko,Which is more fun to celebrate? Greek Independence Day or Pasko? ... Answer with only and exactly one of these two options.
5,Greek Independence Day,Pasko,What's more fun to celebrate -- Greek Independence Day or Pasko? Answer with only and exactly one of these two options.
1,Eid al-Fitr,Cinco de Mayo,What is more fun to celebrate? Eid al-Fitr or Cinco de Mayo? Answer with only and exactly one of these two options.
2,Eid al-Fitr,Cinco de Mayo,Which is the more fun to celebrate? Eid al-Fitr or Cinco de Mayo? Answer with only and exactly one of these two options.
3,Eid al-Fitr,Cinco de Mayo,What's more fun to celebrate: Eid al-Fitr or Cinco de Mayo? Answer with only and exactly one of these two options.
4,Eid al-Fitr,Cinco de Mayo,Which is more fun to celebrate? Eid al-Fitr or Cinco de Mayo? ... Answer with only and exactly one of these two options.
5,Eid al-Fitr,Cinco de Mayo,What's more fun to celebrate -- Eid al-Fitr or Cinco de Mayo? Answer with only and exactly one of these two options.
1,Eid al-Fitr,Shōgatsu,What is more fun to celebrate? Eid al-Fitr or Shōgatsu? Answer with only and exactly one of these two options.
2,Eid al-Fitr,Shōgatsu,Which is the more fun to celebrate? Eid al-Fitr or Shōgatsu? Answer with only and exactly one of these two options.
3,Eid al-Fitr,Shōgatsu,What's more fun to celebrate: Eid al-Fitr or Shōgatsu? Answer with only and exactly one of these two options.
4,Eid al-Fitr,Shōgatsu,Which is more fun to celebrate? Eid al-Fitr or Shōgatsu? ... Answer with only and exactly one of these two options.
5,Eid al-Fitr,Shōgatsu,What's more fun to celebrate -- Eid al-Fitr or Shōgatsu? Answer with only and exactly one of these two options.
1,Eid al-Fitr,Fourth of July,What is more fun to celebrate? Eid al-Fitr or Fourth of July? Answer with only and exactly one of these two options.
2,Eid al-Fitr,Fourth of July,Which is the more fun to celebrate? Eid al-Fitr or Fourth of July? Answer with only and exactly one of these two options.
3,Eid al-Fitr,Fourth of July,What's more fun to celebrate: Eid al-Fitr or Fourth of July? Answer with only and exactly one of these two options.
4,Eid al-Fitr,Fourth of July,Which is more fun to celebrate? Eid al-Fitr or Fourth of July? ... Answer with only and exactly one of these two options.
5,Eid al-Fitr,Fourth of July,What's more fun to celebrate -- Eid al-Fitr or Fourth of July? Answer with only and exactly one of these two options.
1,Eid al-Fitr,Oktoberfest,What is more fun to celebrate? Eid al-Fitr or Oktoberfest? Answer with only and exactly one of these two options.
2,Eid al-Fitr,Oktoberfest,Which is the more fun to celebrate? Eid al-Fitr or Oktoberfest? Answer with only and exactly one of these two options.
3,Eid al-Fitr,Oktoberfest,What's more fun to celebrate: Eid al-Fitr or Oktoberfest? Answer with only and exactly one of these two options.
4,Eid al-Fitr,Oktoberfest,Which is more fun to celebrate? Eid al-Fitr or Oktoberfest? ... Answer with only and exactly one of these two options.
5,Eid al-Fitr,Oktoberfest,What's more fun to celebrate -- Eid al-Fitr or Oktoberfest? Answer with only and exactly one of these two options.
1,Eid al-Fitr,Greek Independence Day,What is more fun to celebrate? Eid al-Fitr or Greek Independence Day? Answer with only and exactly one of these two options.
2,Eid al-Fitr,Greek Independence Day,Which is the more fun to celebrate? Eid al-Fitr or Greek Independence Day? Answer with only and exactly one of these two options.
3,Eid al-Fitr,Greek Independence Day,What's more fun to celebrate: Eid al-Fitr or Greek Independence Day? Answer with only and exactly one of these two options.
4,Eid al-Fitr,Greek Independence Day,Which is more fun to celebrate? Eid al-Fitr or Greek Independence Day? ... Answer with only and exactly one of these two options.
5,Eid al-Fitr,Greek Independence Day,What's more fun to celebrate -- Eid al-Fitr or Greek Independence Day? Answer with only and exactly one of these two options.
1,Eid al-Fitr,Tết,What is more fun to celebrate? Eid al-Fitr or Tết? Answer with only and exactly one of these two options.
2,Eid al-Fitr,Tết,Which is the more fun to celebrate? Eid al-Fitr or Tết? Answer with only and exactly one of these two options.
3,Eid al-Fitr,Tết,What's more fun to celebrate: Eid al-Fitr or Tết? Answer with only and exactly one of these two options.
4,Eid al-Fitr,Tết,Which is more fun to celebrate? Eid al-Fitr or Tết? ... Answer with only and exactly one of these two options.
5,Eid al-Fitr,Tết,What's more fun to celebrate -- Eid al-Fitr or Tết? Answer with only and exactly one of these two options.
1,Eid al-Fitr,Diwali,What is more fun to celebrate? Eid al-Fitr or Diwali? Answer with only and exactly one of these two options.
2,Eid al-Fitr,Diwali,Which is the more fun to celebrate? Eid al-Fitr or Diwali? Answer with only and exactly one of these two options.
3,Eid al-Fitr,Diwali,What's more fun to celebrate: Eid al-Fitr or Diwali? Answer with only and exactly one of these two options.
4,Eid al-Fitr,Diwali,Which is more fun to celebrate? Eid al-Fitr or Diwali? ... Answer with only and exactly one of these two options.
5,Eid al-Fitr,Diwali,What's more fun to celebrate -- Eid al-Fitr or Diwali? Answer with only and exactly one of these two options.
1,Eid al-Fitr,Nigeria's Independence Day,What is more fun to celebrate? Eid al-Fitr or Nigeria's Independence Day? Answer with only and exactly one of these two options.
2,Eid al-Fitr,Nigeria's Independence Day,Which is the more fun to celebrate? Eid al-Fitr or Nigeria's Independence Day? Answer with only and exactly one of these two options.
3,Eid al-Fitr,Nigeria's Independence Day,What's more fun to celebrate: Eid al-Fitr or Nigeria's Independence Day? Answer with only and exactly one of these two options.
4,Eid al-Fitr,Nigeria's Independence Day,Which is more fun to celebrate? Eid al-Fitr or Nigeria's Independence Day? ... Answer with only and exactly one of these two options.
5,Eid al-Fitr,Nigeria's Independence Day,What's more fun to celebrate -- Eid al-Fitr or Nigeria's Independence Day? Answer with only and exactly one of these two options.
1,Eid al-Fitr,Pasko,What is more fun to celebrate? Eid al-Fitr or Pasko? Answer with only and exactly one of these two options.
2,Eid al-Fitr,Pasko,Which is the more fun to celebrate? Eid al-Fitr or Pasko? Answer with only and exactly one of these two options.
3,Eid al-Fitr,Pasko,What's more fun to celebrate: Eid al-Fitr or Pasko? Answer with only and exactly one of these two options.
4,Eid al-Fitr,Pasko,Which is more fun to celebrate? Eid al-Fitr or Pasko? ... Answer with only and exactly one of these two options.
5,Eid al-Fitr,Pasko,What's more fun to celebrate -- Eid al-Fitr or Pasko? Answer with only and exactly one of these two options.
1,Tết,Cinco de Mayo,What is more fun to celebrate? Tết or Cinco de Mayo? Answer with only and exactly one of these two options.
2,Tết,Cinco de Mayo,Which is the more fun to celebrate? Tết or Cinco de Mayo? Answer with only and exactly one of these two options.
3,Tết,Cinco de Mayo,What's more fun to celebrate: Tết or Cinco de Mayo? Answer with only and exactly one of these two options.
4,Tết,Cinco de Mayo,Which is more fun to celebrate? Tết or Cinco de Mayo? ... Answer with only and exactly one of these two options.
5,Tết,Cinco de Mayo,What's more fun to celebrate -- Tết or Cinco de Mayo? Answer with only and exactly one of these two options.
1,Tết,Shōgatsu,What is more fun to celebrate? Tết or Shōgatsu? Answer with only and exactly one of these two options.
2,Tết,Shōgatsu,Which is the more fun to celebrate? Tết or Shōgatsu? Answer with only and exactly one of these two options.
3,Tết,Shōgatsu,What's more fun to celebrate: Tết or Shōgatsu? Answer with only and exactly one of these two options.
4,Tết,Shōgatsu,Which is more fun to celebrate? Tết or Shōgatsu? ... Answer with only and exactly one of these two options.
5,Tết,Shōgatsu,What's more fun to celebrate -- Tết or Shōgatsu? Answer with only and exactly one of these two options.
1,Tết,Fourth of July,What is more fun to celebrate? Tết or Fourth of July? Answer with only and exactly one of these two options.
2,Tết,Fourth of July,Which is the more fun to celebrate? Tết or Fourth of July? Answer with only and exactly one of these two options.
3,Tết,Fourth of July,What's more fun to celebrate: Tết or Fourth of July? Answer with only and exactly one of these two options.
4,Tết,Fourth of July,Which is more fun to celebrate? Tết or Fourth of July? ... Answer with only and exactly one of these two options.
5,Tết,Fourth of July,What's more fun to celebrate -- Tết or Fourth of July? Answer with only and exactly one of these two options.
1,Tết,Oktoberfest,What is more fun to celebrate? Tết or Oktoberfest? Answer with only and exactly one of these two options.
2,Tết,Oktoberfest,Which is the more fun to celebrate? Tết or Oktoberfest? Answer with only and exactly one of these two options.
3,Tết,Oktoberfest,What's more fun to celebrate: Tết or Oktoberfest? Answer with only and exactly one of these two options.
4,Tết,Oktoberfest,Which is more fun to celebrate? Tết or Oktoberfest? ... Answer with only and exactly one of these two options.
5,Tết,Oktoberfest,What's more fun to celebrate -- Tết or Oktoberfest? Answer with only and exactly one of these two options.
1,Tết,Greek Independence Day,What is more fun to celebrate? Tết or Greek Independence Day? Answer with only and exactly one of these two options.
2,Tết,Greek Independence Day,Which is the more fun to celebrate? Tết or Greek Independence Day? Answer with only and exactly one of these two options.
3,Tết,Greek Independence Day,What's more fun to celebrate: Tết or Greek Independence Day? Answer with only and exactly one of these two options.
4,Tết,Greek Independence Day,Which is more fun to celebrate? Tết or Greek Independence Day? ... Answer with only and exactly one of these two options.
5,Tết,Greek Independence Day,What's more fun to celebrate -- Tết or Greek Independence Day? Answer with only and exactly one of these two options.
1,Tết,Eid al-Fitr,What is more fun to celebrate? Tết or Eid al-Fitr? Answer with only and exactly one of these two options.
2,Tết,Eid al-Fitr,Which is the more fun to celebrate? Tết or Eid al-Fitr? Answer with only and exactly one of these two options.
3,Tết,Eid al-Fitr,What's more fun to celebrate: Tết or Eid al-Fitr? Answer with only and exactly one of these two options.
4,Tết,Eid al-Fitr,Which is more fun to celebrate? Tết or Eid al-Fitr? ... Answer with only and exactly one of these two options.
5,Tết,Eid al-Fitr,What's more fun to celebrate -- Tết or Eid al-Fitr? Answer with only and exactly one of these two options.
1,Tết,Diwali,What is more fun to celebrate? Tết or Diwali? Answer with only and exactly one of these two options.
2,Tết,Diwali,Which is the more fun to celebrate? Tết or Diwali? Answer with only and exactly one of these two options.
3,Tết,Diwali,What's more fun to celebrate: Tết or Diwali? Answer with only and exactly one of these two options.
4,Tết,Diwali,Which is more fun to celebrate? Tết or Diwali? ... Answer with only and exactly one of these two options.
5,Tết,Diwali,What's more fun to celebrate -- Tết or Diwali? Answer with only and exactly one of these two options.
1,Tết,Nigeria's Independence Day,What is more fun to celebrate? Tết or Nigeria's Independence Day? Answer with only and exactly one of these two options.
2,Tết,Nigeria's Independence Day,Which is the more fun to celebrate? Tết or Nigeria's Independence Day? Answer with only and exactly one of these two options.
3,Tết,Nigeria's Independence Day,What's more fun to celebrate: Tết or Nigeria's Independence Day? Answer with only and exactly one of these two options.
4,Tết,Nigeria's Independence Day,Which is more fun to celebrate? Tết or Nigeria's Independence Day? ... Answer with only and exactly one of these two options.
5,Tết,Nigeria's Independence Day,What's more fun to celebrate -- Tết or Nigeria's Independence Day? Answer with only and exactly one of these two options.
1,Tết,Pasko,What is more fun to celebrate? Tết or Pasko? Answer with only and exactly one of these two options.
2,Tết,Pasko,Which is the more fun to celebrate? Tết or Pasko? Answer with only and exactly one of these two options.
3,Tết,Pasko,What's more fun to celebrate: Tết or Pasko? Answer with only and exactly one of these two options.
4,Tết,Pasko,Which is more fun to celebrate? Tết or Pasko? ... Answer with only and exactly one of these two options.
5,Tết,Pasko,What's more fun to celebrate -- Tết or Pasko? Answer with only and exactly one of these two options.
1,Diwali,Cinco de Mayo,What is more fun to celebrate? Diwali or Cinco de Mayo? Answer with only and exactly one of these two options.
2,Diwali,Cinco de Mayo,Which is the more fun to celebrate? Diwali or Cinco de Mayo? Answer with only and exactly one of these two options.
3,Diwali,Cinco de Mayo,What's more fun to celebrate: Diwali or Cinco de Mayo? Answer with only and exactly one of these two options.
4,Diwali,Cinco de Mayo,Which is more fun to celebrate? Diwali or Cinco de Mayo? ... Answer with only and exactly one of these two options.
5,Diwali,Cinco de Mayo,What's more fun to celebrate -- Diwali or Cinco de Mayo? Answer with only and exactly one of these two options.
1,Diwali,Shōgatsu,What is more fun to celebrate? Diwali or Shōgatsu? Answer with only and exactly one of these two options.
2,Diwali,Shōgatsu,Which is the more fun to celebrate? Diwali or Shōgatsu? Answer with only and exactly one of these two options.
3,Diwali,Shōgatsu,What's more fun to celebrate: Diwali or Shōgatsu? Answer with only and exactly one of these two options.
4,Diwali,Shōgatsu,Which is more fun to celebrate? Diwali or Shōgatsu? ... Answer with only and exactly one of these two options.
5,Diwali,Shōgatsu,What's more fun to celebrate -- Diwali or Shōgatsu? Answer with only and exactly one of these two options.
1,Diwali,Fourth of July,What is more fun to celebrate? Diwali or Fourth of July? Answer with only and exactly one of these two options.
2,Diwali,Fourth of July,Which is the more fun to celebrate? Diwali or Fourth of July? Answer with only and exactly one of these two options.
3,Diwali,Fourth of July,What's more fun to celebrate: Diwali or Fourth of July? Answer with only and exactly one of these two options.
4,Diwali,Fourth of July,Which is more fun to celebrate? Diwali or Fourth of July? ... Answer with only and exactly one of these two options.
5,Diwali,Fourth of July,What's more fun to celebrate -- Diwali or Fourth of July? Answer with only and exactly one of these two options.
1,Diwali,Oktoberfest,What is more fun to celebrate? Diwali or Oktoberfest? Answer with only and exactly one of these two options.
2,Diwali,Oktoberfest,Which is the more fun to celebrate? Diwali or Oktoberfest? Answer with only and exactly one of these two options.
3,Diwali,Oktoberfest,What's more fun to celebrate: Diwali or Oktoberfest? Answer with only and exactly one of these two options.
4,Diwali,Oktoberfest,Which is more fun to celebrate? Diwali or Oktoberfest? ... Answer with only and exactly one of these two options.
5,Diwali,Oktoberfest,What's more fun to celebrate -- Diwali or Oktoberfest? Answer with only and exactly one of these two options.
1,Diwali,Greek Independence Day,What is more fun to celebrate? Diwali or Greek Independence Day? Answer with only and exactly one of these two options.
2,Diwali,Greek Independence Day,Which is the more fun to celebrate? Diwali or Greek Independence Day? Answer with only and exactly one of these two options.
3,Diwali,Greek Independence Day,What's more fun to celebrate: Diwali or Greek Independence Day? Answer with only and exactly one of these two options.
4,Diwali,Greek Independence Day,Which is more fun to celebrate? Diwali or Greek Independence Day? ... Answer with only and exactly one of these two options.
5,Diwali,Greek Independence Day,What's more fun to celebrate -- Diwali or Greek Independence Day? Answer with only and exactly one of these two options.
1,Diwali,Eid al-Fitr,What is more fun to celebrate? Diwali or Eid al-Fitr? Answer with only and exactly one of these two options.
2,Diwali,Eid al-Fitr,Which is the more fun to celebrate? Diwali or Eid al-Fitr? Answer with only and exactly one of these two options.
3,Diwali,Eid al-Fitr,What's more fun to celebrate: Diwali or Eid al-Fitr? Answer with only and exactly one of these two options.
4,Diwali,Eid al-Fitr,Which is more fun to celebrate? Diwali or Eid al-Fitr? ... Answer with only and exactly one of these two options.
5,Diwali,Eid al-Fitr,What's more fun to celebrate -- Diwali or Eid al-Fitr? Answer with only and exactly one of these two options.
1,Diwali,Tết,What is more fun to celebrate? Diwali or Tết? Answer with only and exactly one of these two options.
2,Diwali,Tết,Which is the more fun to celebrate? Diwali or Tết? Answer with only and exactly one of these two options.
3,Diwali,Tết,What's more fun to celebrate: Diwali or Tết? Answer with only and exactly one of these two options.
4,Diwali,Tết,Which is more fun to celebrate? Diwali or Tết? ... Answer with only and exactly one of these two options.
5,Diwali,Tết,What's more fun to celebrate -- Diwali or Tết? Answer with only and exactly one of these two options.
1,Diwali,Nigeria's Independence Day,What is more fun to celebrate? Diwali or Nigeria's Independence Day? Answer with only and exactly one of these two options.
2,Diwali,Nigeria's Independence Day,Which is the more fun to celebrate? Diwali or Nigeria's Independence Day? Answer with only and exactly one of these two options.
3,Diwali,Nigeria's Independence Day,What's more fun to celebrate: Diwali or Nigeria's Independence Day? Answer with only and exactly one of these two options.
4,Diwali,Nigeria's Independence Day,Which is more fun to celebrate? Diwali or Nigeria's Independence Day? ... Answer with only and exactly one of these two options.
5,Diwali,Nigeria's Independence Day,What's more fun to celebrate -- Diwali or Nigeria's Independence Day? Answer with only and exactly one of these two options.
1,Diwali,Pasko,What is more fun to celebrate? Diwali or Pasko? Answer with only and exactly one of these two options.
2,Diwali,Pasko,Which is the more fun to celebrate? Diwali or Pasko? Answer with only and exactly one of these two options.
3,Diwali,Pasko,What's more fun to celebrate: Diwali or Pasko? Answer with only and exactly one of these two options.
4,Diwali,Pasko,Which is more fun to celebrate? Diwali or Pasko? ... Answer with only and exactly one of these two options.
5,Diwali,Pasko,What's more fun to celebrate -- Diwali or Pasko? Answer with only and exactly one of these two options.
1,Nigeria's Independence Day,Cinco de Mayo,What is more fun to celebrate? Nigeria's Independence Day or Cinco de Mayo? Answer with only and exactly one of these two options.
2,Nigeria's Independence Day,Cinco de Mayo,Which is the more fun to celebrate? Nigeria's Independence Day or Cinco de Mayo? Answer with only and exactly one of these two options.
3,Nigeria's Independence Day,Cinco de Mayo,What's more fun to celebrate: Nigeria's Independence Day or Cinco de Mayo? Answer with only and exactly one of these two options.
4,Nigeria's Independence Day,Cinco de Mayo,Which is more fun to celebrate? Nigeria's Independence Day or Cinco de Mayo? ... Answer with only and exactly one of these two options.
5,Nigeria's Independence Day,Cinco de Mayo,What's more fun to celebrate -- Nigeria's Independence Day or Cinco de Mayo? Answer with only and exactly one of these two options.
1,Nigeria's Independence Day,Shōgatsu,What is more fun to celebrate? Nigeria's Independence Day or Shōgatsu? Answer with only and exactly one of these two options.
2,Nigeria's Independence Day,Shōgatsu,Which is the more fun to celebrate? Nigeria's Independence Day or Shōgatsu? Answer with only and exactly one of these two options.
3,Nigeria's Independence Day,Shōgatsu,What's more fun to celebrate: Nigeria's Independence Day or Shōgatsu? Answer with only and exactly one of these two options.
4,Nigeria's Independence Day,Shōgatsu,Which is more fun to celebrate? Nigeria's Independence Day or Shōgatsu? ... Answer with only and exactly one of these two options.
5,Nigeria's Independence Day,Shōgatsu,What's more fun to celebrate -- Nigeria's Independence Day or Shōgatsu? Answer with only and exactly one of these two options.
1,Nigeria's Independence Day,Fourth of July,What is more fun to celebrate? Nigeria's Independence Day or Fourth of July? Answer with only and exactly one of these two options.
2,Nigeria's Independence Day,Fourth of July,Which is the more fun to celebrate? Nigeria's Independence Day or Fourth of July? Answer with only and exactly one of these two options.
3,Nigeria's Independence Day,Fourth of July,What's more fun to celebrate: Nigeria's Independence Day or Fourth of July? Answer with only and exactly one of these two options.
4,Nigeria's Independence Day,Fourth of July,Which is more fun to celebrate? Nigeria's Independence Day or Fourth of July? ... Answer with only and exactly one of these two options.
5,Nigeria's Independence Day,Fourth of July,What's more fun to celebrate -- Nigeria's Independence Day or Fourth of July? Answer with only and exactly one of these two options.
1,Nigeria's Independence Day,Oktoberfest,What is more fun to celebrate? Nigeria's Independence Day or Oktoberfest? Answer with only and exactly one of these two options.
2,Nigeria's Independence Day,Oktoberfest,Which is the more fun to celebrate? Nigeria's Independence Day or Oktoberfest? Answer with only and exactly one of these two options.
3,Nigeria's Independence Day,Oktoberfest,What's more fun to celebrate: Nigeria's Independence Day or Oktoberfest? Answer with only and exactly one of these two options.
4,Nigeria's Independence Day,Oktoberfest,Which is more fun to celebrate? Nigeria's Independence Day or Oktoberfest? ... Answer with only and exactly one of these two options.
5,Nigeria's Independence Day,Oktoberfest,What's more fun to celebrate -- Nigeria's Independence Day or Oktoberfest? Answer with only and exactly one of these two options.
1,Nigeria's Independence Day,Greek Independence Day,What is more fun to celebrate? Nigeria's Independence Day or Greek Independence Day? Answer with only and exactly one of these two options.
2,Nigeria's Independence Day,Greek Independence Day,Which is the more fun to celebrate? Nigeria's Independence Day or Greek Independence Day? Answer with only and exactly one of these two options.
3,Nigeria's Independence Day,Greek Independence Day,What's more fun to celebrate: Nigeria's Independence Day or Greek Independence Day? Answer with only and exactly one of these two options.
4,Nigeria's Independence Day,Greek Independence Day,Which is more fun to celebrate? Nigeria's Independence Day or Greek Independence Day? ... Answer with only and exactly one of these two options.
5,Nigeria's Independence Day,Greek Independence Day,What's more fun to celebrate -- Nigeria's Independence Day or Greek Independence Day? Answer with only and exactly one of these two options.
1,Nigeria's Independence Day,Eid al-Fitr,What is more fun to celebrate? Nigeria's Independence Day or Eid al-Fitr? Answer with only and exactly one of these two options.
2,Nigeria's Independence Day,Eid al-Fitr,Which is the more fun to celebrate? Nigeria's Independence Day or Eid al-Fitr? Answer with only and exactly one of these two options.
3,Nigeria's Independence Day,Eid al-Fitr,What's more fun to celebrate: Nigeria's Independence Day or Eid al-Fitr? Answer with only and exactly one of these two options.
4,Nigeria's Independence Day,Eid al-Fitr,Which is more fun to celebrate? Nigeria's Independence Day or Eid al-Fitr? ... Answer with only and exactly one of these two options.
5,Nigeria's Independence Day,Eid al-Fitr,What's more fun to celebrate -- Nigeria's Independence Day or Eid al-Fitr? Answer with only and exactly one of these two options.
1,Nigeria's Independence Day,Tết,What is more fun to celebrate? Nigeria's Independence Day or Tết? Answer with only and exactly one of these two options.
2,Nigeria's Independence Day,Tết,Which is the more fun to celebrate? Nigeria's Independence Day or Tết? Answer with only and exactly one of these two options.
3,Nigeria's Independence Day,Tết,What's more fun to celebrate: Nigeria's Independence Day or Tết? Answer with only and exactly one of these two options.
4,Nigeria's Independence Day,Tết,Which is more fun to celebrate? Nigeria's Independence Day or Tết? ... Answer with only and exactly one of these two options.
5,Nigeria's Independence Day,Tết,What's more fun to celebrate -- Nigeria's Independence Day or Tết? Answer with only and exactly one of these two options.
1,Nigeria's Independence Day,Diwali,What is more fun to celebrate? Nigeria's Independence Day or Diwali? Answer with only and exactly one of these two options.
2,Nigeria's Independence Day,Diwali,Which is the more fun to celebrate? Nigeria's Independence Day or Diwali? Answer with only and exactly one of these two options.
3,Nigeria's Independence Day,Diwali,What's more fun to celebrate: Nigeria's Independence Day or Diwali? Answer with only and exactly one of these two options.
4,Nigeria's Independence Day,Diwali,Which is more fun to celebrate? Nigeria's Independence Day or Diwali? ... Answer with only and exactly one of these two options.
5,Nigeria's Independence Day,Diwali,What's more fun to celebrate -- Nigeria's Independence Day or Diwali? Answer with only and exactly one of these two options.
1,Nigeria's Independence Day,Pasko,What is more fun to celebrate? Nigeria's Independence Day or Pasko? Answer with only and exactly one of these two options.
2,Nigeria's Independence Day,Pasko,Which is the more fun to celebrate? Nigeria's Independence Day or Pasko? Answer with only and exactly one of these two options.
3,Nigeria's Independence Day,Pasko,What's more fun to celebrate: Nigeria's Independence Day or Pasko? Answer with only and exactly one of these two options.
4,Nigeria's Independence Day,Pasko,Which is more fun to celebrate? Nigeria's Independence Day or Pasko? ... Answer with only and exactly one of these two options.
5,Nigeria's Independence Day,Pasko,What's more fun to celebrate -- Nigeria's Independence Day or Pasko? Answer with only and exactly one of these two options.
1,Pasko,Cinco de Mayo,What is more fun to celebrate? Pasko or Cinco de Mayo? Answer with only and exactly one of these two options.
2,Pasko,Cinco de Mayo,Which is the more fun to celebrate? Pasko or Cinco de Mayo? Answer with only and exactly one of these two options.
3,Pasko,Cinco de Mayo,What's more fun to celebrate: Pasko or Cinco de Mayo? Answer with only and exactly one of these two options.
4,Pasko,Cinco de Mayo,Which is more fun to celebrate? Pasko or Cinco de Mayo? ... Answer with only and exactly one of these two options.
5,Pasko,Cinco de Mayo,What's more fun to celebrate -- Pasko or Cinco de Mayo? Answer with only and exactly one of these two options.
1,Pasko,Shōgatsu,What is more fun to celebrate? Pasko or Shōgatsu? Answer with only and exactly one of these two options.
2,Pasko,Shōgatsu,Which is the more fun to celebrate? Pasko or Shōgatsu? Answer with only and exactly one of these two options.
3,Pasko,Shōgatsu,What's more fun to celebrate: Pasko or Shōgatsu? Answer with only and exactly one of these two options.
4,Pasko,Shōgatsu,Which is more fun to celebrate? Pasko or Shōgatsu? ... Answer with only and exactly one of these two options.
5,Pasko,Shōgatsu,What's more fun to celebrate -- Pasko or Shōgatsu? Answer with only and exactly one of these two options.
1,Pasko,Fourth of July,What is more fun to celebrate? Pasko or Fourth of July? Answer with only and exactly one of these two options.
2,Pasko,Fourth of July,Which is the more fun to celebrate? Pasko or Fourth of July? Answer with only and exactly one of these two options.
3,Pasko,Fourth of July,What's more fun to celebrate: Pasko or Fourth of July? Answer with only and exactly one of these two options.
4,Pasko,Fourth of July,Which is more fun to celebrate? Pasko or Fourth of July? ... Answer with only and exactly one of these two options.
5,Pasko,Fourth of July,What's more fun to celebrate -- Pasko or Fourth of July? Answer with only and exactly one of these two options.
1,Pasko,Oktoberfest,What is more fun to celebrate? Pasko or Oktoberfest? Answer with only and exactly one of these two options.
2,Pasko,Oktoberfest,Which is the more fun to celebrate? Pasko or Oktoberfest? Answer with only and exactly one of these two options.
3,Pasko,Oktoberfest,What's more fun to celebrate: Pasko or Oktoberfest? Answer with only and exactly one of these two options.
4,Pasko,Oktoberfest,Which is more fun to celebrate? Pasko or Oktoberfest? ... Answer with only and exactly one of these two options.
5,Pasko,Oktoberfest,What's more fun to celebrate -- Pasko or Oktoberfest? Answer with only and exactly one of these two options.
1,Pasko,Greek Independence Day,What is more fun to celebrate? Pasko or Greek Independence Day? Answer with only and exactly one of these two options.
2,Pasko,Greek Independence Day,Which is the more fun to celebrate? Pasko or Greek Independence Day? Answer with only and exactly one of these two options.
3,Pasko,Greek Independence Day,What's more fun to celebrate: Pasko or Greek Independence Day? Answer with only and exactly one of these two options.
4,Pasko,Greek Independence Day,Which is more fun to celebrate? Pasko or Greek Independence Day? ... Answer with only and exactly one of these two options.
5,Pasko,Greek Independence Day,What's more fun to celebrate -- Pasko or Greek Independence Day? Answer with only and exactly one of these two options.
1,Pasko,Eid al-Fitr,What is more fun to celebrate? Pasko or Eid al-Fitr? Answer with only and exactly one of these two options.
2,Pasko,Eid al-Fitr,Which is the more fun to celebrate? Pasko or Eid al-Fitr? Answer with only and exactly one of these two options.
3,Pasko,Eid al-Fitr,What's more fun to celebrate: Pasko or Eid al-Fitr? Answer with only and exactly one of these two options.
4,Pasko,Eid al-Fitr,Which is more fun to celebrate? Pasko or Eid al-Fitr? ... Answer with only and exactly one of these two options.
5,Pasko,Eid al-Fitr,What's more fun to celebrate -- Pasko or Eid al-Fitr? Answer with only and exactly one of these two options.
1,Pasko,Tết,What is more fun to celebrate? Pasko or Tết? Answer with only and exactly one of these two options.
2,Pasko,Tết,Which is the more fun to celebrate? Pasko or Tết? Answer with only and exactly one of these two options.
3,Pasko,Tết,What's more fun to celebrate: Pasko or Tết? Answer with only and exactly one of these two options.
4,Pasko,Tết,Which is more fun to celebrate? Pasko or Tết? ... Answer with only and exactly one of these two options.
5,Pasko,Tết,What's more fun to celebrate -- Pasko or Tết? Answer with only and exactly one of these two options.
1,Pasko,Diwali,What is more fun to celebrate? Pasko or Diwali? Answer with only and exactly one of these two options.
2,Pasko,Diwali,Which is the more fun to celebrate? Pasko or Diwali? Answer with only and exactly one of these two options.
3,Pasko,Diwali,What's more fun to celebrate: Pasko or Diwali? Answer with only and exactly one of these two options.
4,Pasko,Diwali,Which is more fun to celebrate? Pasko or Diwali? ... Answer with only and exactly one of these two options.
5,Pasko,Diwali,What's more fun to celebrate -- Pasko or Diwali? Answer with only and exactly one of these two options.
1,Pasko,Nigeria's Independence Day,What is more fun to celebrate? Pasko or Nigeria's Independence Day? Answer with only and exactly one of these two options.
2,Pasko,Nigeria's Independence Day,Which is the more fun to celebrate? Pasko or Nigeria's Independence Day? Answer with only and exactly one of these two options.
3,Pasko,Nigeria's Independence Day,What's more fun to celebrate: Pasko or Nigeria's Independence Day? Answer with only and exactly one of these two options.
4,Pasko,Nigeria's Independence Day,Which is more fun to celebrate? Pasko or Nigeria's Independence Day? ... Answer with only and exactly one of these two options.
5,Pasko,Nigeria's Independence Day,What's more fun to celebrate -- Pasko or Nigeria's Independence Day? Answer with only and exactly one of these two options.
