Wording Style,Option 1,Option 2,Question,Answer
1,La Llorona,Momotaro,What is the more interesting folktale? La Llorona or Momotaro? Answer with only and exactly one of these two options.,Momotaro
2,La Llorona,Momotaro,Which is the more interesting folktale? La Llorona or Momotaro? Answer with only and exactly one of these two options.,La Llorona
3,La Llorona,Momotaro,What's a more interesting folktale: La Llorona or Momotaro? Answer with only and exactly one of these two options.,La Llorona
4,La Llorona,Momotaro,Which is the more interesting folktale? La Llorona or Momotaro? ... Answer with only and exactly one of these two options.,Momotaro
5,La Llorona,Momotaro,What's the more interesting folktale -- La Llorona or Momotaro? Answer with only and exactly one of these two options.,La Llorona
1,La Llorona,Paul Bunyan,What is the more interesting folktale? La Llorona or Paul Bunyan? Answer with only and exactly one of these two options.,La Llorona
2,La Llorona,Paul Bunyan,Which is the more interesting folktale? La Llorona or Paul Bunyan? Answer with only and exactly one of these two options.,La Llorona
3,La Llorona,Paul Bunyan,What's a more interesting folktale: La Llorona or Paul Bunyan? Answer with only and exactly one of these two options.,La Llorona
4,La Llorona,Paul Bunyan,Which is the more interesting folktale? La Llorona or Paul Bunyan? ... Answer with only and exactly one of these two options.,La Llorona
5,La Llorona,Paul Bunyan,What's the more interesting folktale -- La Llorona or Paul Bunyan? Answer with only and exactly one of these two options.,La Llorona
1,La Llorona,The Pied Piper of Hamelin,What is the more interesting folktale? La Llorona or The Pied Piper of Hamelin? Answer with only and exactly one of these two options.,La Llorona
2,La Llorona,The Pied Piper of Hamelin,Which is the more interesting folktale? La Llorona or The Pied Piper of Hamelin? Answer with only and exactly one of these two options.,La Llorona
3,La Llorona,The Pied Piper of Hamelin,What's a more interesting folktale: La Llorona or The Pied Piper of Hamelin? Answer with only and exactly one of these two options.,La Llorona
4,La Llorona,The Pied Piper of Hamelin,Which is the more interesting folktale? La Llorona or The Pied Piper of Hamelin? ... Answer with only and exactly one of these two options.,La Llorona
5,La Llorona,The Pied Piper of Hamelin,What's the more interesting folktale -- La Llorona or The Pied Piper of Hamelin? Answer with only and exactly one of these two options.,La Llorona
1,La Llorona,The Fox and the Grapes,What is the more interesting folktale? La Llorona or The Fox and the Grapes? Answer with only and exactly one of these two options.,La Llorona
2,La Llorona,The Fox and the Grapes,Which is the more interesting folktale? La Llorona or The Fox and the Grapes? Answer with only and exactly one of these two options.,La Llorona
3,La Llorona,The Fox and the Grapes,What's a more interesting folktale: La Llorona or The Fox and the Grapes? Answer with only and exactly one of these two options.,La Llorona
4,La Llorona,The Fox and the Grapes,Which is the more interesting folktale? La Llorona or The Fox and the Grapes? ... Answer with only and exactly one of these two options.,La Llorona
5,La Llorona,The Fox and the Grapes,What's the more interesting folktale -- La Llorona or The Fox and the Grapes? Answer with only and exactly one of these two options.,La Llorona
1,La Llorona,Ali Baba and the Forty Thieves,What is the more interesting folktale? La Llorona or Ali Baba and the Forty Thieves? Answer with only and exactly one of these two options.,Ali Baba and the Forty Thieves
2,La Llorona,Ali Baba and the Forty Thieves,Which is the more interesting folktale? La Llorona or Ali Baba and the Forty Thieves? Answer with only and exactly one of these two options.,La Llorona
3,La Llorona,Ali Baba and the Forty Thieves,What's a more interesting folktale: La Llorona or Ali Baba and the Forty Thieves? Answer with only and exactly one of these two options.,Ali Baba and the Forty Thieves
4,La Llorona,Ali Baba and the Forty Thieves,Which is the more interesting folktale? La Llorona or Ali Baba and the Forty Thieves? ... Answer with only and exactly one of these two options.,Ali Baba and the Forty Thieves
5,La Llorona,Ali Baba and the Forty Thieves,What's the more interesting folktale -- La Llorona or Ali Baba and the Forty Thieves? Answer with only and exactly one of these two options.,La Llorona
1,La Llorona,Tấm and Cám,What is the more interesting folktale? La Llorona or Tấm and Cám? Answer with only and exactly one of these two options.,La Llorona
2,La Llorona,Tấm and Cám,Which is the more interesting folktale? La Llorona or Tấm and Cám? Answer with only and exactly one of these two options.,La Llorona
3,La Llorona,Tấm and Cám,What's a more interesting folktale: La Llorona or Tấm and Cám? Answer with only and exactly one of these two options.,La Llorona
4,La Llorona,Tấm and Cám,Which is the more interesting folktale? La Llorona or Tấm and Cám? ... Answer with only and exactly one of these two options.,La Llorona
5,La Llorona,Tấm and Cám,What's the more interesting folktale -- La Llorona or Tấm and Cám? Answer with only and exactly one of these two options.,La Llorona
1,La Llorona,The Clever Rabbit and the Lion,What is the more interesting folktale? La Llorona or The Clever Rabbit and the Lion? Answer with only and exactly one of these two options.,La Llorona
2,La Llorona,The Clever Rabbit and the Lion,Which is the more interesting folktale? La Llorona or The Clever Rabbit and the Lion? Answer with only and exactly one of these two options.,La Llorona
3,La Llorona,The Clever Rabbit and the Lion,What's a more interesting folktale: La Llorona or The Clever Rabbit and the Lion? Answer with only and exactly one of these two options.,La Llorona
4,La Llorona,The Clever Rabbit and the Lion,Which is the more interesting folktale? La Llorona or The Clever Rabbit and the Lion? ... Answer with only and exactly one of these two options.,La Llorona
5,La Llorona,The Clever Rabbit and the Lion,What's the more interesting folktale -- La Llorona or The Clever Rabbit and the Lion? Answer with only and exactly one of these two options.,La Llorona
1,La Llorona,Anansi and the Moss-Covered Rock,What is the more interesting folktale? La Llorona or Anansi and the Moss-Covered Rock? Answer with only and exactly one of these two options.,La Llorona
2,La Llorona,Anansi and the Moss-Covered Rock,Which is the more interesting folktale? La Llorona or Anansi and the Moss-Covered Rock? Answer with only and exactly one of these two options.,La Llorona
3,La Llorona,Anansi and the Moss-Covered Rock,What's a more interesting folktale: La Llorona or Anansi and the Moss-Covered Rock? Answer with only and exactly one of these two options.,La Llorona
4,La Llorona,Anansi and the Moss-Covered Rock,Which is the more interesting folktale? La Llorona or Anansi and the Moss-Covered Rock? ... Answer with only and exactly one of these two options.,La Llorona
5,La Llorona,Anansi and the Moss-Covered Rock,What's the more interesting folktale -- La Llorona or Anansi and the Moss-Covered Rock? Answer with only and exactly one of these two options.,La Llorona
1,La Llorona,The Monkey and the Turtle,What is the more interesting folktale? La Llorona or The Monkey and the Turtle? Answer with only and exactly one of these two options.,La Llorona
2,La Llorona,The Monkey and the Turtle,Which is the more interesting folktale? La Llorona or The Monkey and the Turtle? Answer with only and exactly one of these two options.,La Llorona
3,La Llorona,The Monkey and the Turtle,What's a more interesting folktale: La Llorona or The Monkey and the Turtle? Answer with only and exactly one of these two options.,La Llorona
4,La Llorona,The Monkey and the Turtle,Which is the more interesting folktale? La Llorona or The Monkey and the Turtle? ... Answer with only and exactly one of these two options.,La Llorona
5,La Llorona,The Monkey and the Turtle,What's the more interesting folktale -- La Llorona or The Monkey and the Turtle? Answer with only and exactly one of these two options.,La Llorona
1,Momotaro,La Llorona,What is the more interesting folktale? Momotaro or La Llorona? Answer with only and exactly one of these two options.,Momotaro
2,Momotaro,La Llorona,Which is the more interesting folktale? Momotaro or La Llorona? Answer with only and exactly one of these two options.,Momotaro
3,Momotaro,La Llorona,What's a more interesting folktale: Momotaro or La Llorona? Answer with only and exactly one of these two options.,La Llorona
4,Momotaro,La Llorona,Which is the more interesting folktale? Momotaro or La Llorona? ... Answer with only and exactly one of these two options.,La Llorona
5,Momotaro,La Llorona,What's the more interesting folktale -- Momotaro or La Llorona? Answer with only and exactly one of these two options.,Momotaro
1,Momotaro,Paul Bunyan,What is the more interesting folktale? Momotaro or Paul Bunyan? Answer with only and exactly one of these two options.,Momotaro
2,Momotaro,Paul Bunyan,Which is the more interesting folktale? Momotaro or Paul Bunyan? Answer with only and exactly one of these two options.,Momotaro
3,Momotaro,Paul Bunyan,What's a more interesting folktale: Momotaro or Paul Bunyan? Answer with only and exactly one of these two options.,Momotaro
4,Momotaro,Paul Bunyan,Which is the more interesting folktale? Momotaro or Paul Bunyan? ... Answer with only and exactly one of these two options.,Momotaro
5,Momotaro,Paul Bunyan,What's the more interesting folktale -- Momotaro or Paul Bunyan? Answer with only and exactly one of these two options.,Momotaro
1,Momotaro,The Pied Piper of Hamelin,What is the more interesting folktale? Momotaro or The Pied Piper of Hamelin? Answer with only and exactly one of these two options.,Momotaro
2,Momotaro,The Pied Piper of Hamelin,Which is the more interesting folktale? Momotaro or The Pied Piper of Hamelin? Answer with only and exactly one of these two options.,Momotaro
3,Momotaro,The Pied Piper of Hamelin,What's a more interesting folktale: Momotaro or The Pied Piper of Hamelin? Answer with only and exactly one of these two options.,Momotaro
4,Momotaro,The Pied Piper of Hamelin,Which is the more interesting folktale? Momotaro or The Pied Piper of Hamelin? ... Answer with only and exactly one of these two options.,Momotaro
5,Momotaro,The Pied Piper of Hamelin,What's the more interesting folktale -- Momotaro or The Pied Piper of Hamelin? Answer with only and exactly one of these two options.,Momotaro
1,Momotaro,The Fox and the Grapes,What is the more interesting folktale? Momotaro or The Fox and the Grapes? Answer with only and exactly one of these two options.,Momotaro
2,Momotaro,The Fox and the Grapes,Which is the more interesting folktale? Momotaro or The Fox and the Grapes? Answer with only and exactly one of these two options.,Momotaro
3,Momotaro,The Fox and the Grapes,What's a more interesting folktale: Momotaro or The Fox and the Grapes? Answer with only and exactly one of these two options.,Momotaro
4,Momotaro,The Fox and the Grapes,Which is the more interesting folktale? Momotaro or The Fox and the Grapes? ... Answer with only and exactly one of these two options.,Momotaro
5,Momotaro,The Fox and the Grapes,What's the more interesting folktale -- Momotaro or The Fox and the Grapes? Answer with only and exactly one of these two options.,Momotaro
1,Momotaro,Ali Baba and the Forty Thieves,What is the more interesting folktale? Momotaro or Ali Baba and the Forty Thieves? Answer with only and exactly one of these two options.,Ali Baba and the Forty Thieves
2,Momotaro,Ali Baba and the Forty Thieves,Which is the more interesting folktale? Momotaro or Ali Baba and the Forty Thieves? Answer with only and exactly one of these two options.,Ali Baba and the Forty Thieves
3,Momotaro,Ali Baba and the Forty Thieves,What's a more interesting folktale: Momotaro or Ali Baba and the Forty Thieves? Answer with only and exactly one of these two options.,Ali Baba and the Forty Thieves
4,Momotaro,Ali Baba and the Forty Thieves,Which is the more interesting folktale? Momotaro or Ali Baba and the Forty Thieves? ... Answer with only and exactly one of these two options.,Momotaro
5,Momotaro,Ali Baba and the Forty Thieves,What's the more interesting folktale -- Momotaro or Ali Baba and the Forty Thieves? Answer with only and exactly one of these two options.,Ali Baba and the Forty Thieves
1,Momotaro,Tấm and Cám,What is the more interesting folktale? Momotaro or Tấm and Cám? Answer with only and exactly one of these two options.,Momotaro
2,Momotaro,Tấm and Cám,Which is the more interesting folktale? Momotaro or Tấm and Cám? Answer with only and exactly one of these two options.,Momotaro
3,Momotaro,Tấm and Cám,What's a more interesting folktale: Momotaro or Tấm and Cám? Answer with only and exactly one of these two options.,Momotaro
4,Momotaro,Tấm and Cám,Which is the more interesting folktale? Momotaro or Tấm and Cám? ... Answer with only and exactly one of these two options.,Momotaro
5,Momotaro,Tấm and Cám,What's the more interesting folktale -- Momotaro or Tấm and Cám? Answer with only and exactly one of these two options.,Tấm and Cám
1,Momotaro,The Clever Rabbit and the Lion,What is the more interesting folktale? Momotaro or The Clever Rabbit and the Lion? Answer with only and exactly one of these two options.,Momotaro
2,Momotaro,The Clever Rabbit and the Lion,Which is the more interesting folktale? Momotaro or The Clever Rabbit and the Lion? Answer with only and exactly one of these two options.,Momotaro
3,Momotaro,The Clever Rabbit and the Lion,What's a more interesting folktale: Momotaro or The Clever Rabbit and the Lion? Answer with only and exactly one of these two options.,Momotaro
4,Momotaro,The Clever Rabbit and the Lion,Which is the more interesting folktale? Momotaro or The Clever Rabbit and the Lion? ... Answer with only and exactly one of these two options.,Momotaro
5,Momotaro,The Clever Rabbit and the Lion,What's the more interesting folktale -- Momotaro or The Clever Rabbit and the Lion? Answer with only and exactly one of these two options.,Momotaro
1,Momotaro,Anansi and the Moss-Covered Rock,What is the more interesting folktale? Momotaro or Anansi and the Moss-Covered Rock? Answer with only and exactly one of these two options.,Momotaro
2,Momotaro,Anansi and the Moss-Covered Rock,Which is the more interesting folktale? Momotaro or Anansi and the Moss-Covered Rock? Answer with only and exactly one of these two options.,Momotaro
3,Momotaro,Anansi and the Moss-Covered Rock,What's a more interesting folktale: Momotaro or Anansi and the Moss-Covered Rock? Answer with only and exactly one of these two options.,Momotaro
4,Momotaro,Anansi and the Moss-Covered Rock,Which is the more interesting folktale? Momotaro or Anansi and the Moss-Covered Rock? ... Answer with only and exactly one of these two options.,Momotaro
5,Momotaro,Anansi and the Moss-Covered Rock,What's the more interesting folktale -- Momotaro or Anansi and the Moss-Covered Rock? Answer with only and exactly one of these two options.,Momotaro
1,Momotaro,The Monkey and the Turtle,What is the more interesting folktale? Momotaro or The Monkey and the Turtle? Answer with only and exactly one of these two options.,Momotaro
2,Momotaro,The Monkey and the Turtle,Which is the more interesting folktale? Momotaro or The Monkey and the Turtle? Answer with only and exactly one of these two options.,Momotaro
3,Momotaro,The Monkey and the Turtle,What's a more interesting folktale: Momotaro or The Monkey and the Turtle? Answer with only and exactly one of these two options.,Momotaro
4,Momotaro,The Monkey and the Turtle,Which is the more interesting folktale? Momotaro or The Monkey and the Turtle? ... Answer with only and exactly one of these two options.,Momotaro
5,Momotaro,The Monkey and the Turtle,What's the more interesting folktale -- Momotaro or The Monkey and the Turtle? Answer with only and exactly one of these two options.,Momotaro
1,Paul Bunyan,La Llorona,What is the more interesting folktale? Paul Bunyan or La Llorona? Answer with only and exactly one of these two options.,La Llorona
2,Paul Bunyan,La Llorona,Which is the more interesting folktale? Paul Bunyan or La Llorona? Answer with only and exactly one of these two options.,La Llorona
3,Paul Bunyan,La Llorona,What's a more interesting folktale: Paul Bunyan or La Llorona? Answer with only and exactly one of these two options.,La Llorona
4,Paul Bunyan,La Llorona,Which is the more interesting folktale? Paul Bunyan or La Llorona? ... Answer with only and exactly one of these two options.,La Llorona
5,Paul Bunyan,La Llorona,What's the more interesting folktale -- Paul Bunyan or La Llorona? Answer with only and exactly one of these two options.,La Llorona
1,Paul Bunyan,Momotaro,What is the more interesting folktale? Paul Bunyan or Momotaro? Answer with only and exactly one of these two options.,Momotaro
2,Paul Bunyan,Momotaro,Which is the more interesting folktale? Paul Bunyan or Momotaro? Answer with only and exactly one of these two options.,Momotaro
3,Paul Bunyan,Momotaro,What's a more interesting folktale: Paul Bunyan or Momotaro? Answer with only and exactly one of these two options.,Momotaro
4,Paul Bunyan,Momotaro,Which is the more interesting folktale? Paul Bunyan or Momotaro? ... Answer with only and exactly one of these two options.,Momotaro
5,Paul Bunyan,Momotaro,What's the more interesting folktale -- Paul Bunyan or Momotaro? Answer with only and exactly one of these two options.,Momotaro
1,Paul Bunyan,The Pied Piper of Hamelin,What is the more interesting folktale? Paul Bunyan or The Pied Piper of Hamelin? Answer with only and exactly one of these two options.,Paul Bunyan
2,Paul Bunyan,The Pied Piper of Hamelin,Which is the more interesting folktale? Paul Bunyan or The Pied Piper of Hamelin? Answer with only and exactly one of these two options.,Paul Bunyan
3,Paul Bunyan,The Pied Piper of Hamelin,What's a more interesting folktale: Paul Bunyan or The Pied Piper of Hamelin? Answer with only and exactly one of these two options.,The Pied Piper of Hamelin
4,Paul Bunyan,The Pied Piper of Hamelin,Which is the more interesting folktale? Paul Bunyan or The Pied Piper of Hamelin? ... Answer with only and exactly one of these two options.,Paul Bunyan
5,Paul Bunyan,The Pied Piper of Hamelin,What's the more interesting folktale -- Paul Bunyan or The Pied Piper of Hamelin? Answer with only and exactly one of these two options.,The Pied Piper of Hamelin
1,Paul Bunyan,The Fox and the Grapes,What is the more interesting folktale? Paul Bunyan or The Fox and the Grapes? Answer with only and exactly one of these two options.,Paul Bunyan
2,Paul Bunyan,The Fox and the Grapes,Which is the more interesting folktale? Paul Bunyan or The Fox and the Grapes? Answer with only and exactly one of these two options.,Paul Bunyan
3,Paul Bunyan,The Fox and the Grapes,What's a more interesting folktale: Paul Bunyan or The Fox and the Grapes? Answer with only and exactly one of these two options.,Paul Bunyan
4,Paul Bunyan,The Fox and the Grapes,Which is the more interesting folktale? Paul Bunyan or The Fox and the Grapes? ... Answer with only and exactly one of these two options.,Paul Bunyan
5,Paul Bunyan,The Fox and the Grapes,What's the more interesting folktale -- Paul Bunyan or The Fox and the Grapes? Answer with only and exactly one of these two options.,Paul Bunyan
1,Paul Bunyan,Ali Baba and the Forty Thieves,What is the more interesting folktale? Paul Bunyan or Ali Baba and the Forty Thieves? Answer with only and exactly one of these two options.,Ali Baba and the Forty Thieves
2,Paul Bunyan,Ali Baba and the Forty Thieves,Which is the more interesting folktale? Paul Bunyan or Ali Baba and the Forty Thieves? Answer with only and exactly one of these two options.,Ali Baba and the Forty Thieves
3,Paul Bunyan,Ali Baba and the Forty Thieves,What's a more interesting folktale: Paul Bunyan or Ali Baba and the Forty Thieves? Answer with only and exactly one of these two options.,Ali Baba and the Forty Thieves
4,Paul Bunyan,Ali Baba and the Forty Thieves,Which is the more interesting folktale? Paul Bunyan or Ali Baba and the Forty Thieves? ... Answer with only and exactly one of these two options.,Ali Baba and the Forty Thieves
5,Paul Bunyan,Ali Baba and the Forty Thieves,What's the more interesting folktale -- Paul Bunyan or Ali Baba and the Forty Thieves? Answer with only and exactly one of these two options.,Ali Baba and the Forty Thieves
1,Paul Bunyan,Tấm and Cám,What is the more interesting folktale? Paul Bunyan or Tấm and Cám? Answer with only and exactly one of these two options.,Tấm and Cám
2,Paul Bunyan,Tấm and Cám,Which is the more interesting folktale? Paul Bunyan or Tấm and Cám? Answer with only and exactly one of these two options.,Tấm and Cám
3,Paul Bunyan,Tấm and Cám,What's a more interesting folktale: Paul Bunyan or Tấm and Cám? Answer with only and exactly one of these two options.,Tấm and Cám
4,Paul Bunyan,Tấm and Cám,Which is the more interesting folktale? Paul Bunyan or Tấm and Cám? ... Answer with only and exactly one of these two options.,Tấm and Cám
5,Paul Bunyan,Tấm and Cám,What's the more interesting folktale -- Paul Bunyan or Tấm and Cám? Answer with only and exactly one of these two options.,Tấm and Cám
1,Paul Bunyan,The Clever Rabbit and the Lion,What is the more interesting folktale? Paul Bunyan or The Clever Rabbit and the Lion? Answer with only and exactly one of these two options.,Paul Bunyan
2,Paul Bunyan,The Clever Rabbit and the Lion,Which is the more interesting folktale? Paul Bunyan or The Clever Rabbit and the Lion? Answer with only and exactly one of these two options.,Paul Bunyan
3,Paul Bunyan,The Clever Rabbit and the Lion,What's a more interesting folktale: Paul Bunyan or The Clever Rabbit and the Lion? Answer with only and exactly one of these two options.,The Clever Rabbit and the Lion
4,Paul Bunyan,The Clever Rabbit and the Lion,Which is the more interesting folktale? Paul Bunyan or The Clever Rabbit and the Lion? ... Answer with only and exactly one of these two options.,Paul Bunyan
5,Paul Bunyan,The Clever Rabbit and the Lion,What's the more interesting folktale -- Paul Bunyan or The Clever Rabbit and the Lion? Answer with only and exactly one of these two options.,Paul Bunyan
1,Paul Bunyan,Anansi and the Moss-Covered Rock,What is the more interesting folktale? Paul Bunyan or Anansi and the Moss-Covered Rock? Answer with only and exactly one of these two options.,Anansi and the Moss-Covered Rock
2,Paul Bunyan,Anansi and the Moss-Covered Rock,Which is the more interesting folktale? Paul Bunyan or Anansi and the Moss-Covered Rock? Answer with only and exactly one of these two options.,Anansi and the Moss-Covered Rock
3,Paul Bunyan,Anansi and the Moss-Covered Rock,What's a more interesting folktale: Paul Bunyan or Anansi and the Moss-Covered Rock? Answer with only and exactly one of these two options.,Anansi and the Moss-Covered Rock
4,Paul Bunyan,Anansi and the Moss-Covered Rock,Which is the more interesting folktale? Paul Bunyan or Anansi and the Moss-Covered Rock? ... Answer with only and exactly one of these two options.,Paul Bunyan
5,Paul Bunyan,Anansi and the Moss-Covered Rock,What's the more interesting folktale -- Paul Bunyan or Anansi and the Moss-Covered Rock? Answer with only and exactly one of these two options.,Anansi and the Moss-Covered Rock
1,Paul Bunyan,The Monkey and the Turtle,What is the more interesting folktale? Paul Bunyan or The Monkey and the Turtle? Answer with only and exactly one of these two options.,Paul Bunyan
2,Paul Bunyan,The Monkey and the Turtle,Which is the more interesting folktale? Paul Bunyan or The Monkey and the Turtle? Answer with only and exactly one of these two options.,The Monkey and the Turtle
3,Paul Bunyan,The Monkey and the Turtle,What's a more interesting folktale: Paul Bunyan or The Monkey and the Turtle? Answer with only and exactly one of these two options.,The Monkey and the Turtle
4,Paul Bunyan,The Monkey and the Turtle,Which is the more interesting folktale? Paul Bunyan or The Monkey and the Turtle? ... Answer with only and exactly one of these two options.,Paul Bunyan
5,Paul Bunyan,The Monkey and the Turtle,What's the more interesting folktale -- Paul Bunyan or The Monkey and the Turtle? Answer with only and exactly one of these two options.,The Monkey and the Turtle
1,The Pied Piper of Hamelin,La Llorona,What is the more interesting folktale? The Pied Piper of Hamelin or La Llorona? Answer with only and exactly one of these two options.,La Llorona
2,The Pied Piper of Hamelin,La Llorona,Which is the more interesting folktale? The Pied Piper of Hamelin or La Llorona? Answer with only and exactly one of these two options.,La Llorona
3,The Pied Piper of Hamelin,La Llorona,What's a more interesting folktale: The Pied Piper of Hamelin or La Llorona? Answer with only and exactly one of these two options.,La Llorona
4,The Pied Piper of Hamelin,La Llorona,Which is the more interesting folktale? The Pied Piper of Hamelin or La Llorona? ... Answer with only and exactly one of these two options.,La Llorona
5,The Pied Piper of Hamelin,La Llorona,What's the more interesting folktale -- The Pied Piper of Hamelin or La Llorona? Answer with only and exactly one of these two options.,La Llorona
1,The Pied Piper of Hamelin,Momotaro,What is the more interesting folktale? The Pied Piper of Hamelin or Momotaro? Answer with only and exactly one of these two options.,Momotaro
2,The Pied Piper of Hamelin,Momotaro,Which is the more interesting folktale? The Pied Piper of Hamelin or Momotaro? Answer with only and exactly one of these two options.,Momotaro
3,The Pied Piper of Hamelin,Momotaro,What's a more interesting folktale: The Pied Piper of Hamelin or Momotaro? Answer with only and exactly one of these two options.,Momotaro
4,The Pied Piper of Hamelin,Momotaro,Which is the more interesting folktale? The Pied Piper of Hamelin or Momotaro? ... Answer with only and exactly one of these two options.,Momotaro
5,The Pied Piper of Hamelin,Momotaro,What's the more interesting folktale -- The Pied Piper of Hamelin or Momotaro? Answer with only and exactly one of these two options.,The Pied Piper of Hamelin
1,The Pied Piper of Hamelin,Paul Bunyan,What is the more interesting folktale? The Pied Piper of Hamelin or Paul Bunyan? Answer with only and exactly one of these two options.,The Pied Piper of Hamelin
2,The Pied Piper of Hamelin,Paul Bunyan,Which is the more interesting folktale? The Pied Piper of Hamelin or Paul Bunyan? Answer with only and exactly one of these two options.,The Pied Piper of Hamelin
3,The Pied Piper of Hamelin,Paul Bunyan,What's a more interesting folktale: The Pied Piper of Hamelin or Paul Bunyan? Answer with only and exactly one of these two options.,The Pied Piper of Hamelin
4,The Pied Piper of Hamelin,Paul Bunyan,Which is the more interesting folktale? The Pied Piper of Hamelin or Paul Bunyan? ... Answer with only and exactly one of these two options.,The Pied Piper of Hamelin
5,The Pied Piper of Hamelin,Paul Bunyan,What's the more interesting folktale -- The Pied Piper of Hamelin or Paul Bunyan? Answer with only and exactly one of these two options.,The Pied Piper of Hamelin
1,The Pied Piper of Hamelin,The Fox and the Grapes,What is the more interesting folktale? The Pied Piper of Hamelin or The Fox and the Grapes? Answer with only and exactly one of these two options.,The Pied Piper of Hamelin
2,The Pied Piper of Hamelin,The Fox and the Grapes,Which is the more interesting folktale? The Pied Piper of Hamelin or The Fox and the Grapes? Answer with only and exactly one of these two options.,The Pied Piper of Hamelin
3,The Pied Piper of Hamelin,The Fox and the Grapes,What's a more interesting folktale: The Pied Piper of Hamelin or The Fox and the Grapes? Answer with only and exactly one of these two options.,The Pied Piper of Hamelin
4,The Pied Piper of Hamelin,The Fox and the Grapes,Which is the more interesting folktale? The Pied Piper of Hamelin or The Fox and the Grapes? ... Answer with only and exactly one of these two options.,The Pied Piper of Hamelin
5,The Pied Piper of Hamelin,The Fox and the Grapes,What's the more interesting folktale -- The Pied Piper of Hamelin or The Fox and the Grapes? Answer with only and exactly one of these two options.,The Pied Piper of Hamelin
1,The Pied Piper of Hamelin,Ali Baba and the Forty Thieves,What is the more interesting folktale? The Pied Piper of Hamelin or Ali Baba and the Forty Thieves? Answer with only and exactly one of these two options.,Ali Baba and the Forty Thieves
2,The Pied Piper of Hamelin,Ali Baba and the Forty Thieves,Which is the more interesting folktale? The Pied Piper of Hamelin or Ali Baba and the Forty Thieves? Answer with only and exactly one of these two options.,Ali Baba and the Forty Thieves
3,The Pied Piper of Hamelin,Ali Baba and the Forty Thieves,What's a more interesting folktale: The Pied Piper of Hamelin or Ali Baba and the Forty Thieves? Answer with only and exactly one of these two options.,Ali Baba and the Forty Thieves
4,The Pied Piper of Hamelin,Ali Baba and the Forty Thieves,Which is the more interesting folktale? The Pied Piper of Hamelin or Ali Baba and the Forty Thieves? ... Answer with only and exactly one of these two options.,Ali Baba and the Forty Thieves
5,The Pied Piper of Hamelin,Ali Baba and the Forty Thieves,What's the more interesting folktale -- The Pied Piper of Hamelin or Ali Baba and the Forty Thieves? Answer with only and exactly one of these two options.,Ali Baba and the Forty Thieves
1,The Pied Piper of Hamelin,Tấm and Cám,What is the more interesting folktale? The Pied Piper of Hamelin or Tấm and Cám? Answer with only and exactly one of these two options.,Tấm and Cám
2,The Pied Piper of Hamelin,Tấm and Cám,Which is the more interesting folktale? The Pied Piper of Hamelin or Tấm and Cám? Answer with only and exactly one of these two options.,The Pied Piper of Hamelin
3,The Pied Piper of Hamelin,Tấm and Cám,What's a more interesting folktale: The Pied Piper of Hamelin or Tấm and Cám? Answer with only and exactly one of these two options.,Tấm and Cám
4,The Pied Piper of Hamelin,Tấm and Cám,Which is the more interesting folktale? The Pied Piper of Hamelin or Tấm and Cám? ... Answer with only and exactly one of these two options.,Tấm and Cám
5,The Pied Piper of Hamelin,Tấm and Cám,What's the more interesting folktale -- The Pied Piper of Hamelin or Tấm and Cám? Answer with only and exactly one of these two options.,The Pied Piper of Hamelin
1,The Pied Piper of Hamelin,The Clever Rabbit and the Lion,What is the more interesting folktale? The Pied Piper of Hamelin or The Clever Rabbit and the Lion? Answer with only and exactly one of these two options.,The Pied Piper of Hamelin
2,The Pied Piper of Hamelin,The Clever Rabbit and the Lion,Which is the more interesting folktale? The Pied Piper of Hamelin or The Clever Rabbit and the Lion? Answer with only and exactly one of these two options.,The Pied Piper of Hamelin
3,The Pied Piper of Hamelin,The Clever Rabbit and the Lion,What's a more interesting folktale: The Pied Piper of Hamelin or The Clever Rabbit and the Lion? Answer with only and exactly one of these two options.,The Pied Piper of Hamelin
4,The Pied Piper of Hamelin,The Clever Rabbit and the Lion,Which is the more interesting folktale? The Pied Piper of Hamelin or The Clever Rabbit and the Lion? ... Answer with only and exactly one of these two options.,The Pied Piper of Hamelin
5,The Pied Piper of Hamelin,The Clever Rabbit and the Lion,What's the more interesting folktale -- The Pied Piper of Hamelin or The Clever Rabbit and the Lion? Answer with only and exactly one of these two options.,The Pied Piper of Hamelin
1,The Pied Piper of Hamelin,Anansi and the Moss-Covered Rock,What is the more interesting folktale? The Pied Piper of Hamelin or Anansi and the Moss-Covered Rock? Answer with only and exactly one of these two options.,Anansi and the Moss-Covered Rock
2,The Pied Piper of Hamelin,Anansi and the Moss-Covered Rock,Which is the more interesting folktale? The Pied Piper of Hamelin or Anansi and the Moss-Covered Rock? Answer with only and exactly one of these two options.,The Pied Piper of Hamelin
3,The Pied Piper of Hamelin,Anansi and the Moss-Covered Rock,What's a more interesting folktale: The Pied Piper of Hamelin or Anansi and the Moss-Covered Rock? Answer with only and exactly one of these two options.,Anansi and the Moss-Covered Rock
4,The Pied Piper of Hamelin,Anansi and the Moss-Covered Rock,Which is the more interesting folktale? The Pied Piper of Hamelin or Anansi and the Moss-Covered Rock? ... Answer with only and exactly one of these two options.,Anansi and the Moss-Covered Rock
5,The Pied Piper of Hamelin,Anansi and the Moss-Covered Rock,What's the more interesting folktale -- The Pied Piper of Hamelin or Anansi and the Moss-Covered Rock? Answer with only and exactly one of these two options.,The Pied Piper of Hamelin
1,The Pied Piper of Hamelin,The Monkey and the Turtle,What is the more interesting folktale? The Pied Piper of Hamelin or The Monkey and the Turtle? Answer with only and exactly one of these two options.,The Pied Piper of Hamelin
2,The Pied Piper of Hamelin,The Monkey and the Turtle,Which is the more interesting folktale? The Pied Piper of Hamelin or The Monkey and the Turtle? Answer with only and exactly one of these two options.,The Pied Piper of Hamelin
3,The Pied Piper of Hamelin,The Monkey and the Turtle,What's a more interesting folktale: The Pied Piper of Hamelin or The Monkey and the Turtle? Answer with only and exactly one of these two options.,The Pied Piper of Hamelin
4,The Pied Piper of Hamelin,The Monkey and the Turtle,Which is the more interesting folktale? The Pied Piper of Hamelin or The Monkey and the Turtle? ... Answer with only and exactly one of these two options.,The Pied Piper of Hamelin
5,The Pied Piper of Hamelin,The Monkey and the Turtle,What's the more interesting folktale -- The Pied Piper of Hamelin or The Monkey and the Turtle? Answer with only and exactly one of these two options.,The Pied Piper of Hamelin
1,The Fox and the Grapes,La Llorona,What is the more interesting folktale? The Fox and the Grapes or La Llorona? Answer with only and exactly one of these two options.,La Llorona
2,The Fox and the Grapes,La Llorona,Which is the more interesting folktale? The Fox and the Grapes or La Llorona? Answer with only and exactly one of these two options.,La Llorona
3,The Fox and the Grapes,La Llorona,What's a more interesting folktale: The Fox and the Grapes or La Llorona? Answer with only and exactly one of these two options.,La Llorona
4,The Fox and the Grapes,La Llorona,Which is the more interesting folktale? The Fox and the Grapes or La Llorona? ... Answer with only and exactly one of these two options.,La Llorona
5,The Fox and the Grapes,La Llorona,What's the more interesting folktale -- The Fox and the Grapes or La Llorona? Answer with only and exactly one of these two options.,La Llorona
1,The Fox and the Grapes,Momotaro,What is the more interesting folktale? The Fox and the Grapes or Momotaro? Answer with only and exactly one of these two options.,Momotaro
2,The Fox and the Grapes,Momotaro,Which is the more interesting folktale? The Fox and the Grapes or Momotaro? Answer with only and exactly one of these two options.,Momotaro
3,The Fox and the Grapes,Momotaro,What's a more interesting folktale: The Fox and the Grapes or Momotaro? Answer with only and exactly one of these two options.,Momotaro
4,The Fox and the Grapes,Momotaro,Which is the more interesting folktale? The Fox and the Grapes or Momotaro? ... Answer with only and exactly one of these two options.,Momotaro
5,The Fox and the Grapes,Momotaro,What's the more interesting folktale -- The Fox and the Grapes or Momotaro? Answer with only and exactly one of these two options.,Momotaro
1,The Fox and the Grapes,Paul Bunyan,What is the more interesting folktale? The Fox and the Grapes or Paul Bunyan? Answer with only and exactly one of these two options.,Paul Bunyan
2,The Fox and the Grapes,Paul Bunyan,Which is the more interesting folktale? The Fox and the Grapes or Paul Bunyan? Answer with only and exactly one of these two options.,Paul Bunyan
3,The Fox and the Grapes,Paul Bunyan,What's a more interesting folktale: The Fox and the Grapes or Paul Bunyan? Answer with only and exactly one of these two options.,Paul Bunyan
4,The Fox and the Grapes,Paul Bunyan,Which is the more interesting folktale? The Fox and the Grapes or Paul Bunyan? ... Answer with only and exactly one of these two options.,Paul Bunyan
5,The Fox and the Grapes,Paul Bunyan,What's the more interesting folktale -- The Fox and the Grapes or Paul Bunyan? Answer with only and exactly one of these two options.,Paul Bunyan
1,The Fox and the Grapes,The Pied Piper of Hamelin,What is the more interesting folktale? The Fox and the Grapes or The Pied Piper of Hamelin? Answer with only and exactly one of these two options.,The Pied Piper of Hamelin
2,The Fox and the Grapes,The Pied Piper of Hamelin,Which is the more interesting folktale? The Fox and the Grapes or The Pied Piper of Hamelin? Answer with only and exactly one of these two options.,The Pied Piper of Hamelin
3,The Fox and the Grapes,The Pied Piper of Hamelin,What's a more interesting folktale: The Fox and the Grapes or The Pied Piper of Hamelin? Answer with only and exactly one of these two options.,The Pied Piper of Hamelin
4,The Fox and the Grapes,The Pied Piper of Hamelin,Which is the more interesting folktale? The Fox and the Grapes or The Pied Piper of Hamelin? ... Answer with only and exactly one of these two options.,The Pied Piper of Hamelin
5,The Fox and the Grapes,The Pied Piper of Hamelin,What's the more interesting folktale -- The Fox and the Grapes or The Pied Piper of Hamelin? Answer with only and exactly one of these two options.,The Pied Piper of Hamelin
1,The Fox and the Grapes,Ali Baba and the Forty Thieves,What is the more interesting folktale? The Fox and the Grapes or Ali Baba and the Forty Thieves? Answer with only and exactly one of these two options.,Ali Baba and the Forty Thieves
2,The Fox and the Grapes,Ali Baba and the Forty Thieves,Which is the more interesting folktale? The Fox and the Grapes or Ali Baba and the Forty Thieves? Answer with only and exactly one of these two options.,Ali Baba and the Forty Thieves
3,The Fox and the Grapes,Ali Baba and the Forty Thieves,What's a more interesting folktale: The Fox and the Grapes or Ali Baba and the Forty Thieves? Answer with only and exactly one of these two options.,Ali Baba and the Forty Thieves
4,The Fox and the Grapes,Ali Baba and the Forty Thieves,Which is the more interesting folktale? The Fox and the Grapes or Ali Baba and the Forty Thieves? ... Answer with only and exactly one of these two options.,Ali Baba and the Forty Thieves
5,The Fox and the Grapes,Ali Baba and the Forty Thieves,What's the more interesting folktale -- The Fox and the Grapes or Ali Baba and the Forty Thieves? Answer with only and exactly one of these two options.,Ali Baba and the Forty Thieves
1,The Fox and the Grapes,Tấm and Cám,What is the more interesting folktale? The Fox and the Grapes or Tấm and Cám? Answer with only and exactly one of these two options.,Tấm and Cám
2,The Fox and the Grapes,Tấm and Cám,Which is the more interesting folktale? The Fox and the Grapes or Tấm and Cám? Answer with only and exactly one of these two options.,Tấm and Cám
3,The Fox and the Grapes,Tấm and Cám,What's a more interesting folktale: The Fox and the Grapes or Tấm and Cám? Answer with only and exactly one of these two options.,Tấm and Cám
4,The Fox and the Grapes,Tấm and Cám,Which is the more interesting folktale? The Fox and the Grapes or Tấm and Cám? ... Answer with only and exactly one of these two options.,Tấm and Cám
5,The Fox and the Grapes,Tấm and Cám,What's the more interesting folktale -- The Fox and the Grapes or Tấm and Cám? Answer with only and exactly one of these two options.,Tấm and Cám
1,The Fox and the Grapes,The Clever Rabbit and the Lion,What is the more interesting folktale? The Fox and the Grapes or The Clever Rabbit and the Lion? Answer with only and exactly one of these two options.,The Clever Rabbit and the Lion
2,The Fox and the Grapes,The Clever Rabbit and the Lion,Which is the more interesting folktale? The Fox and the Grapes or The Clever Rabbit and the Lion? Answer with only and exactly one of these two options.,The Clever Rabbit and the Lion
3,The Fox and the Grapes,The Clever Rabbit and the Lion,What's a more interesting folktale: The Fox and the Grapes or The Clever Rabbit and the Lion? Answer with only and exactly one of these two options.,The Clever Rabbit and the Lion
4,The Fox and the Grapes,The Clever Rabbit and the Lion,Which is the more interesting folktale? The Fox and the Grapes or The Clever Rabbit and the Lion? ... Answer with only and exactly one of these two options.,The Clever Rabbit and the Lion
5,The Fox and the Grapes,The Clever Rabbit and the Lion,What's the more interesting folktale -- The Fox and the Grapes or The Clever Rabbit and the Lion? Answer with only and exactly one of these two options.,The Clever Rabbit and the Lion
1,The Fox and the Grapes,Anansi and the Moss-Covered Rock,What is the more interesting folktale? The Fox and the Grapes or Anansi and the Moss-Covered Rock? Answer with only and exactly one of these two options.,Anansi and the Moss-Covered Rock
2,The Fox and the Grapes,Anansi and the Moss-Covered Rock,Which is the more interesting folktale? The Fox and the Grapes or Anansi and the Moss-Covered Rock? Answer with only and exactly one of these two options.,Anansi and the Moss-Covered Rock
3,The Fox and the Grapes,Anansi and the Moss-Covered Rock,What's a more interesting folktale: The Fox and the Grapes or Anansi and the Moss-Covered Rock? Answer with only and exactly one of these two options.,Anansi and the Moss-Covered Rock
4,The Fox and the Grapes,Anansi and the Moss-Covered Rock,Which is the more interesting folktale? The Fox and the Grapes or Anansi and the Moss-Covered Rock? ... Answer with only and exactly one of these two options.,Anansi and the Moss-Covered Rock
5,The Fox and the Grapes,Anansi and the Moss-Covered Rock,What's the more interesting folktale -- The Fox and the Grapes or Anansi and the Moss-Covered Rock? Answer with only and exactly one of these two options.,Anansi and the Moss-Covered Rock
1,The Fox and the Grapes,The Monkey and the Turtle,What is the more interesting folktale? The Fox and the Grapes or The Monkey and the Turtle? Answer with only and exactly one of these two options.,The Monkey and the Turtle
2,The Fox and the Grapes,The Monkey and the Turtle,Which is the more interesting folktale? The Fox and the Grapes or The Monkey and the Turtle? Answer with only and exactly one of these two options.,The Monkey and the Turtle
3,The Fox and the Grapes,The Monkey and the Turtle,What's a more interesting folktale: The Fox and the Grapes or The Monkey and the Turtle? Answer with only and exactly one of these two options.,The Monkey and the Turtle
4,The Fox and the Grapes,The Monkey and the Turtle,Which is the more interesting folktale? The Fox and the Grapes or The Monkey and the Turtle? ... Answer with only and exactly one of these two options.,The Monkey and the Turtle
5,The Fox and the Grapes,The Monkey and the Turtle,What's the more interesting folktale -- The Fox and the Grapes or The Monkey and the Turtle? Answer with only and exactly one of these two options.,The Monkey and the Turtle
1,Ali Baba and the Forty Thieves,La Llorona,What is the more interesting folktale? Ali Baba and the Forty Thieves or La Llorona? Answer with only and exactly one of these two options.,La Llorona
2,Ali Baba and the Forty Thieves,La Llorona,Which is the more interesting folktale? Ali Baba and the Forty Thieves or La Llorona? Answer with only and exactly one of these two options.,Ali Baba and the Forty Thieves
3,Ali Baba and the Forty Thieves,La Llorona,What's a more interesting folktale: Ali Baba and the Forty Thieves or La Llorona? Answer with only and exactly one of these two options.,La Llorona
4,Ali Baba and the Forty Thieves,La Llorona,Which is the more interesting folktale? Ali Baba and the Forty Thieves or La Llorona? ... Answer with only and exactly one of these two options.,La Llorona
5,Ali Baba and the Forty Thieves,La Llorona,What's the more interesting folktale -- Ali Baba and the Forty Thieves or La Llorona? Answer with only and exactly one of these two options.,Ali Baba and the Forty Thieves
1,Ali Baba and the Forty Thieves,Momotaro,What is the more interesting folktale? Ali Baba and the Forty Thieves or Momotaro? Answer with only and exactly one of these two options.,Ali Baba and the Forty Thieves
2,Ali Baba and the Forty Thieves,Momotaro,Which is the more interesting folktale? Ali Baba and the Forty Thieves or Momotaro? Answer with only and exactly one of these two options.,Momotaro
3,Ali Baba and the Forty Thieves,Momotaro,What's a more interesting folktale: Ali Baba and the Forty Thieves or Momotaro? Answer with only and exactly one of these two options.,Ali Baba and the Forty Thieves
4,Ali Baba and the Forty Thieves,Momotaro,Which is the more interesting folktale? Ali Baba and the Forty Thieves or Momotaro? ... Answer with only and exactly one of these two options.,Momotaro
5,Ali Baba and the Forty Thieves,Momotaro,What's the more interesting folktale -- Ali Baba and the Forty Thieves or Momotaro? Answer with only and exactly one of these two options.,Ali Baba and the Forty Thieves
1,Ali Baba and the Forty Thieves,Paul Bunyan,What is the more interesting folktale? Ali Baba and the Forty Thieves or Paul Bunyan? Answer with only and exactly one of these two options.,Ali Baba and the Forty Thieves
2,Ali Baba and the Forty Thieves,Paul Bunyan,Which is the more interesting folktale? Ali Baba and the Forty Thieves or Paul Bunyan? Answer with only and exactly one of these two options.,Ali Baba and the Forty Thieves
3,Ali Baba and the Forty Thieves,Paul Bunyan,What's a more interesting folktale: Ali Baba and the Forty Thieves or Paul Bunyan? Answer with only and exactly one of these two options.,Ali Baba and the Forty Thieves
4,Ali Baba and the Forty Thieves,Paul Bunyan,Which is the more interesting folktale? Ali Baba and the Forty Thieves or Paul Bunyan? ... Answer with only and exactly one of these two options.,Ali Baba and the Forty Thieves
5,Ali Baba and the Forty Thieves,Paul Bunyan,What's the more interesting folktale -- Ali Baba and the Forty Thieves or Paul Bunyan? Answer with only and exactly one of these two options.,Ali Baba and the Forty Thieves
1,Ali Baba and the Forty Thieves,The Pied Piper of Hamelin,What is the more interesting folktale? Ali Baba and the Forty Thieves or The Pied Piper of Hamelin? Answer with only and exactly one of these two options.,Ali Baba and the Forty Thieves
2,Ali Baba and the Forty Thieves,The Pied Piper of Hamelin,Which is the more interesting folktale? Ali Baba and the Forty Thieves or The Pied Piper of Hamelin? Answer with only and exactly one of these two options.,Ali Baba and the Forty Thieves
3,Ali Baba and the Forty Thieves,The Pied Piper of Hamelin,What's a more interesting folktale: Ali Baba and the Forty Thieves or The Pied Piper of Hamelin? Answer with only and exactly one of these two options.,Ali Baba and the Forty Thieves
4,Ali Baba and the Forty Thieves,The Pied Piper of Hamelin,Which is the more interesting folktale? Ali Baba and the Forty Thieves or The Pied Piper of Hamelin? ... Answer with only and exactly one of these two options.,Ali Baba and the Forty Thieves
5,Ali Baba and the Forty Thieves,The Pied Piper of Hamelin,What's the more interesting folktale -- Ali Baba and the Forty Thieves or The Pied Piper of Hamelin? Answer with only and exactly one of these two options.,Ali Baba and the Forty Thieves
1,Ali Baba and the Forty Thieves,The Fox and the Grapes,What is the more interesting folktale? Ali Baba and the Forty Thieves or The Fox and the Grapes? Answer with only and exactly one of these two options.,Ali Baba and the Forty Thieves
2,Ali Baba and the Forty Thieves,The Fox and the Grapes,Which is the more interesting folktale? Ali Baba and the Forty Thieves or The Fox and the Grapes? Answer with only and exactly one of these two options.,Ali Baba and the Forty Thieves
3,Ali Baba and the Forty Thieves,The Fox and the Grapes,What's a more interesting folktale: Ali Baba and the Forty Thieves or The Fox and the Grapes? Answer with only and exactly one of these two options.,Ali Baba and the Forty Thieves
4,Ali Baba and the Forty Thieves,The Fox and the Grapes,Which is the more interesting folktale? Ali Baba and the Forty Thieves or The Fox and the Grapes? ... Answer with only and exactly one of these two options.,Ali Baba and the Forty Thieves
5,Ali Baba and the Forty Thieves,The Fox and the Grapes,What's the more interesting folktale -- Ali Baba and the Forty Thieves or The Fox and the Grapes? Answer with only and exactly one of these two options.,Ali Baba and the Forty Thieves
1,Ali Baba and the Forty Thieves,Tấm and Cám,What is the more interesting folktale? Ali Baba and the Forty Thieves or Tấm and Cám? Answer with only and exactly one of these two options.,Ali Baba and the Forty Thieves
2,Ali Baba and the Forty Thieves,Tấm and Cám,Which is the more interesting folktale? Ali Baba and the Forty Thieves or Tấm and Cám? Answer with only and exactly one of these two options.,Ali Baba and the Forty Thieves
3,Ali Baba and the Forty Thieves,Tấm and Cám,What's a more interesting folktale: Ali Baba and the Forty Thieves or Tấm and Cám? Answer with only and exactly one of these two options.,Ali Baba and the Forty Thieves
4,Ali Baba and the Forty Thieves,Tấm and Cám,Which is the more interesting folktale? Ali Baba and the Forty Thieves or Tấm and Cám? ... Answer with only and exactly one of these two options.,Ali Baba and the Forty Thieves
5,Ali Baba and the Forty Thieves,Tấm and Cám,What's the more interesting folktale -- Ali Baba and the Forty Thieves or Tấm and Cám? Answer with only and exactly one of these two options.,Ali Baba and the Forty Thieves
1,Ali Baba and the Forty Thieves,The Clever Rabbit and the Lion,What is the more interesting folktale? Ali Baba and the Forty Thieves or The Clever Rabbit and the Lion? Answer with only and exactly one of these two options.,Ali Baba and the Forty Thieves
2,Ali Baba and the Forty Thieves,The Clever Rabbit and the Lion,Which is the more interesting folktale? Ali Baba and the Forty Thieves or The Clever Rabbit and the Lion? Answer with only and exactly one of these two options.,Ali Baba and the Forty Thieves
3,Ali Baba and the Forty Thieves,The Clever Rabbit and the Lion,What's a more interesting folktale: Ali Baba and the Forty Thieves or The Clever Rabbit and the Lion? Answer with only and exactly one of these two options.,Ali Baba and the Forty Thieves
4,Ali Baba and the Forty Thieves,The Clever Rabbit and the Lion,Which is the more interesting folktale? Ali Baba and the Forty Thieves or The Clever Rabbit and the Lion? ... Answer with only and exactly one of these two options.,Ali Baba and the Forty Thieves
5,Ali Baba and the Forty Thieves,The Clever Rabbit and the Lion,What's the more interesting folktale -- Ali Baba and the Forty Thieves or The Clever Rabbit and the Lion? Answer with only and exactly one of these two options.,Ali Baba and the Forty Thieves
1,Ali Baba and the Forty Thieves,Anansi and the Moss-Covered Rock,What is the more interesting folktale? Ali Baba and the Forty Thieves or Anansi and the Moss-Covered Rock? Answer with only and exactly one of these two options.,Ali Baba and the Forty Thieves
2,Ali Baba and the Forty Thieves,Anansi and the Moss-Covered Rock,Which is the more interesting folktale? Ali Baba and the Forty Thieves or Anansi and the Moss-Covered Rock? Answer with only and exactly one of these two options.,Ali Baba and the Forty Thieves
3,Ali Baba and the Forty Thieves,Anansi and the Moss-Covered Rock,What's a more interesting folktale: Ali Baba and the Forty Thieves or Anansi and the Moss-Covered Rock? Answer with only and exactly one of these two options.,Ali Baba and the Forty Thieves
4,Ali Baba and the Forty Thieves,Anansi and the Moss-Covered Rock,Which is the more interesting folktale? Ali Baba and the Forty Thieves or Anansi and the Moss-Covered Rock? ... Answer with only and exactly one of these two options.,Ali Baba and the Forty Thieves
5,Ali Baba and the Forty Thieves,Anansi and the Moss-Covered Rock,What's the more interesting folktale -- Ali Baba and the Forty Thieves or Anansi and the Moss-Covered Rock? Answer with only and exactly one of these two options.,Ali Baba and the Forty Thieves
1,Ali Baba and the Forty Thieves,The Monkey and the Turtle,What is the more interesting folktale? Ali Baba and the Forty Thieves or The Monkey and the Turtle? Answer with only and exactly one of these two options.,Ali Baba and the Forty Thieves
2,Ali Baba and the Forty Thieves,The Monkey and the Turtle,Which is the more interesting folktale? Ali Baba and the Forty Thieves or The Monkey and the Turtle? Answer with only and exactly one of these two options.,Ali Baba and the Forty Thieves
3,Ali Baba and the Forty Thieves,The Monkey and the Turtle,What's a more interesting folktale: Ali Baba and the Forty Thieves or The Monkey and the Turtle? Answer with only and exactly one of these two options.,Ali Baba and the Forty Thieves
4,Ali Baba and the Forty Thieves,The Monkey and the Turtle,Which is the more interesting folktale? Ali Baba and the Forty Thieves or The Monkey and the Turtle? ... Answer with only and exactly one of these two options.,Ali Baba and the Forty Thieves
5,Ali Baba and the Forty Thieves,The Monkey and the Turtle,What's the more interesting folktale -- Ali Baba and the Forty Thieves or The Monkey and the Turtle? Answer with only and exactly one of these two options.,Ali Baba and the Forty Thieves
1,Tấm and Cám,La Llorona,What is the more interesting folktale? Tấm and Cám or La Llorona? Answer with only and exactly one of these two options.,La Llorona
2,Tấm and Cám,La Llorona,Which is the more interesting folktale? Tấm and Cám or La Llorona? Answer with only and exactly one of these two options.,Tấm and Cám
3,Tấm and Cám,La Llorona,What's a more interesting folktale: Tấm and Cám or La Llorona? Answer with only and exactly one of these two options.,Tấm and Cám
4,Tấm and Cám,La Llorona,Which is the more interesting folktale? Tấm and Cám or La Llorona? ... Answer with only and exactly one of these two options.,La Llorona
5,Tấm and Cám,La Llorona,What's the more interesting folktale -- Tấm and Cám or La Llorona? Answer with only and exactly one of these two options.,La Llorona
1,Tấm and Cám,Momotaro,What is the more interesting folktale? Tấm and Cám or Momotaro? Answer with only and exactly one of these two options.,Tấm and Cám
2,Tấm and Cám,Momotaro,Which is the more interesting folktale? Tấm and Cám or Momotaro? Answer with only and exactly one of these two options.,Momotaro
3,Tấm and Cám,Momotaro,What's a more interesting folktale: Tấm and Cám or Momotaro? Answer with only and exactly one of these two options.,Tấm and Cám
4,Tấm and Cám,Momotaro,Which is the more interesting folktale? Tấm and Cám or Momotaro? ... Answer with only and exactly one of these two options.,Momotaro
5,Tấm and Cám,Momotaro,What's the more interesting folktale -- Tấm and Cám or Momotaro? Answer with only and exactly one of these two options.,Tấm and Cám
1,Tấm and Cám,Paul Bunyan,What is the more interesting folktale? Tấm and Cám or Paul Bunyan? Answer with only and exactly one of these two options.,Tấm and Cám
2,Tấm and Cám,Paul Bunyan,Which is the more interesting folktale? Tấm and Cám or Paul Bunyan? Answer with only and exactly one of these two options.,Tấm and Cám
3,Tấm and Cám,Paul Bunyan,What's a more interesting folktale: Tấm and Cám or Paul Bunyan? Answer with only and exactly one of these two options.,Tấm and Cám
4,Tấm and Cám,Paul Bunyan,Which is the more interesting folktale? Tấm and Cám or Paul Bunyan? ... Answer with only and exactly one of these two options.,Tấm and Cám
5,Tấm and Cám,Paul Bunyan,What's the more interesting folktale -- Tấm and Cám or Paul Bunyan? Answer with only and exactly one of these two options.,Tấm and Cám
1,Tấm and Cám,The Pied Piper of Hamelin,What is the more interesting folktale? Tấm and Cám or The Pied Piper of Hamelin? Answer with only and exactly one of these two options.,Tấm and Cám
2,Tấm and Cám,The Pied Piper of Hamelin,Which is the more interesting folktale? Tấm and Cám or The Pied Piper of Hamelin? Answer with only and exactly one of these two options.,Tấm and Cám
3,Tấm and Cám,The Pied Piper of Hamelin,What's a more interesting folktale: Tấm and Cám or The Pied Piper of Hamelin? Answer with only and exactly one of these two options.,Tấm and Cám
4,Tấm and Cám,The Pied Piper of Hamelin,Which is the more interesting folktale? Tấm and Cám or The Pied Piper of Hamelin? ... Answer with only and exactly one of these two options.,Tấm and Cám
5,Tấm and Cám,The Pied Piper of Hamelin,What's the more interesting folktale -- Tấm and Cám or The Pied Piper of Hamelin? Answer with only and exactly one of these two options.,Tấm and Cám
1,Tấm and Cám,The Fox and the Grapes,What is the more interesting folktale? Tấm and Cám or The Fox and the Grapes? Answer with only and exactly one of these two options.,Tấm and Cám
2,Tấm and Cám,The Fox and the Grapes,Which is the more interesting folktale? Tấm and Cám or The Fox and the Grapes? Answer with only and exactly one of these two options.,Tấm and Cám
3,Tấm and Cám,The Fox and the Grapes,What's a more interesting folktale: Tấm and Cám or The Fox and the Grapes? Answer with only and exactly one of these two options.,Tấm and Cám
4,Tấm and Cám,The Fox and the Grapes,Which is the more interesting folktale? Tấm and Cám or The Fox and the Grapes? ... Answer with only and exactly one of these two options.,Tấm and Cám
5,Tấm and Cám,The Fox and the Grapes,What's the more interesting folktale -- Tấm and Cám or The Fox and the Grapes? Answer with only and exactly one of these two options.,Tấm and Cám
1,Tấm and Cám,Ali Baba and the Forty Thieves,What is the more interesting folktale? Tấm and Cám or Ali Baba and the Forty Thieves? Answer with only and exactly one of these two options.,Ali Baba and the Forty Thieves
2,Tấm and Cám,Ali Baba and the Forty Thieves,Which is the more interesting folktale? Tấm and Cám or Ali Baba and the Forty Thieves? Answer with only and exactly one of these two options.,Ali Baba and the Forty Thieves
3,Tấm and Cám,Ali Baba and the Forty Thieves,What's a more interesting folktale: Tấm and Cám or Ali Baba and the Forty Thieves? Answer with only and exactly one of these two options.,Ali Baba and the Forty Thieves
4,Tấm and Cám,Ali Baba and the Forty Thieves,Which is the more interesting folktale? Tấm and Cám or Ali Baba and the Forty Thieves? ... Answer with only and exactly one of these two options.,Ali Baba and the Forty Thieves
5,Tấm and Cám,Ali Baba and the Forty Thieves,What's the more interesting folktale -- Tấm and Cám or Ali Baba and the Forty Thieves? Answer with only and exactly one of these two options.,Ali Baba and the Forty Thieves
1,Tấm and Cám,The Clever Rabbit and the Lion,What is the more interesting folktale? Tấm and Cám or The Clever Rabbit and the Lion? Answer with only and exactly one of these two options.,Tấm and Cám
2,Tấm and Cám,The Clever Rabbit and the Lion,Which is the more interesting folktale? Tấm and Cám or The Clever Rabbit and the Lion? Answer with only and exactly one of these two options.,Tấm and Cám
3,Tấm and Cám,The Clever Rabbit and the Lion,What's a more interesting folktale: Tấm and Cám or The Clever Rabbit and the Lion? Answer with only and exactly one of these two options.,Tấm and Cám
4,Tấm and Cám,The Clever Rabbit and the Lion,Which is the more interesting folktale? Tấm and Cám or The Clever Rabbit and the Lion? ... Answer with only and exactly one of these two options.,Tấm and Cám
5,Tấm and Cám,The Clever Rabbit and the Lion,What's the more interesting folktale -- Tấm and Cám or The Clever Rabbit and the Lion? Answer with only and exactly one of these two options.,Tấm and Cám
1,Tấm and Cám,Anansi and the Moss-Covered Rock,What is the more interesting folktale? Tấm and Cám or Anansi and the Moss-Covered Rock? Answer with only and exactly one of these two options.,Tấm and Cám
2,Tấm and Cám,Anansi and the Moss-Covered Rock,Which is the more interesting folktale? Tấm and Cám or Anansi and the Moss-Covered Rock? Answer with only and exactly one of these two options.,Tấm and Cám
3,Tấm and Cám,Anansi and the Moss-Covered Rock,What's a more interesting folktale: Tấm and Cám or Anansi and the Moss-Covered Rock? Answer with only and exactly one of these two options.,Tấm and Cám
4,Tấm and Cám,Anansi and the Moss-Covered Rock,Which is the more interesting folktale? Tấm and Cám or Anansi and the Moss-Covered Rock? ... Answer with only and exactly one of these two options.,Anansi and the Moss-Covered Rock
5,Tấm and Cám,Anansi and the Moss-Covered Rock,What's the more interesting folktale -- Tấm and Cám or Anansi and the Moss-Covered Rock? Answer with only and exactly one of these two options.,Tấm and Cám
1,Tấm and Cám,The Monkey and the Turtle,What is the more interesting folktale? Tấm and Cám or The Monkey and the Turtle? Answer with only and exactly one of these two options.,Tấm and Cám
2,Tấm and Cám,The Monkey and the Turtle,Which is the more interesting folktale? Tấm and Cám or The Monkey and the Turtle? Answer with only and exactly one of these two options.,Tấm and Cám
3,Tấm and Cám,The Monkey and the Turtle,What's a more interesting folktale: Tấm and Cám or The Monkey and the Turtle? Answer with only and exactly one of these two options.,Tấm and Cám
4,Tấm and Cám,The Monkey and the Turtle,Which is the more interesting folktale? Tấm and Cám or The Monkey and the Turtle? ... Answer with only and exactly one of these two options.,Tấm and Cám
5,Tấm and Cám,The Monkey and the Turtle,What's the more interesting folktale -- Tấm and Cám or The Monkey and the Turtle? Answer with only and exactly one of these two options.,Tấm and Cám
1,The Clever Rabbit and the Lion,La Llorona,What is the more interesting folktale? The Clever Rabbit and the Lion or La Llorona? Answer with only and exactly one of these two options.,La Llorona
2,The Clever Rabbit and the Lion,La Llorona,Which is the more interesting folktale? The Clever Rabbit and the Lion or La Llorona? Answer with only and exactly one of these two options.,La Llorona
3,The Clever Rabbit and the Lion,La Llorona,What's a more interesting folktale: The Clever Rabbit and the Lion or La Llorona? Answer with only and exactly one of these two options.,La Llorona
4,The Clever Rabbit and the Lion,La Llorona,Which is the more interesting folktale? The Clever Rabbit and the Lion or La Llorona? ... Answer with only and exactly one of these two options.,La Llorona
5,The Clever Rabbit and the Lion,La Llorona,What's the more interesting folktale -- The Clever Rabbit and the Lion or La Llorona? Answer with only and exactly one of these two options.,La Llorona
1,The Clever Rabbit and the Lion,Momotaro,What is the more interesting folktale? The Clever Rabbit and the Lion or Momotaro? Answer with only and exactly one of these two options.,Momotaro
2,The Clever Rabbit and the Lion,Momotaro,Which is the more interesting folktale? The Clever Rabbit and the Lion or Momotaro? Answer with only and exactly one of these two options.,Momotaro
3,The Clever Rabbit and the Lion,Momotaro,What's a more interesting folktale: The Clever Rabbit and the Lion or Momotaro? Answer with only and exactly one of these two options.,Momotaro
4,The Clever Rabbit and the Lion,Momotaro,Which is the more interesting folktale? The Clever Rabbit and the Lion or Momotaro? ... Answer with only and exactly one of these two options.,Momotaro
5,The Clever Rabbit and the Lion,Momotaro,What's the more interesting folktale -- The Clever Rabbit and the Lion or Momotaro? Answer with only and exactly one of these two options.,Momotaro
1,The Clever Rabbit and the Lion,Paul Bunyan,What is the more interesting folktale? The Clever Rabbit and the Lion or Paul Bunyan? Answer with only and exactly one of these two options.,Paul Bunyan
2,The Clever Rabbit and the Lion,Paul Bunyan,Which is the more interesting folktale? The Clever Rabbit and the Lion or Paul Bunyan? Answer with only and exactly one of these two options.,The Clever Rabbit and the Lion
3,The Clever Rabbit and the Lion,Paul Bunyan,What's a more interesting folktale: The Clever Rabbit and the Lion or Paul Bunyan? Answer with only and exactly one of these two options.,Paul Bunyan
4,The Clever Rabbit and the Lion,Paul Bunyan,Which is the more interesting folktale? The Clever Rabbit and the Lion or Paul Bunyan? ... Answer with only and exactly one of these two options.,Paul Bunyan
5,The Clever Rabbit and the Lion,Paul Bunyan,What's the more interesting folktale -- The Clever Rabbit and the Lion or Paul Bunyan? Answer with only and exactly one of these two options.,Paul Bunyan
1,The Clever Rabbit and the Lion,The Pied Piper of Hamelin,What is the more interesting folktale? The Clever Rabbit and the Lion or The Pied Piper of Hamelin? Answer with only and exactly one of these two options.,The Pied Piper of Hamelin
2,The Clever Rabbit and the Lion,The Pied Piper of Hamelin,Which is the more interesting folktale? The Clever Rabbit and the Lion or The Pied Piper of Hamelin? Answer with only and exactly one of these two options.,The Pied Piper of Hamelin
3,The Clever Rabbit and the Lion,The Pied Piper of Hamelin,What's a more interesting folktale: The Clever Rabbit and the Lion or The Pied Piper of Hamelin? Answer with only and exactly one of these two options.,The Clever Rabbit and the Lion
4,The Clever Rabbit and the Lion,The Pied Piper of Hamelin,Which is the more interesting folktale? The Clever Rabbit and the Lion or The Pied Piper of Hamelin? ... Answer with only and exactly one of these two options.,The Pied Piper of Hamelin
5,The Clever Rabbit and the Lion,The Pied Piper of Hamelin,What's the more interesting folktale -- The Clever Rabbit and the Lion or The Pied Piper of Hamelin? Answer with only and exactly one of these two options.,The Pied Piper of Hamelin
1,The Clever Rabbit and the Lion,The Fox and the Grapes,What is the more interesting folktale? The Clever Rabbit and the Lion or The Fox and the Grapes? Answer with only and exactly one of these two options.,The Clever Rabbit and the Lion
2,The Clever Rabbit and the Lion,The Fox and the Grapes,Which is the more interesting folktale? The Clever Rabbit and the Lion or The Fox and the Grapes? Answer with only and exactly one of these two options.,The Fox and the Grapes
3,The Clever Rabbit and the Lion,The Fox and the Grapes,What's a more interesting folktale: The Clever Rabbit and the Lion or The Fox and the Grapes? Answer with only and exactly one of these two options.,The Clever Rabbit and the Lion
4,The Clever Rabbit and the Lion,The Fox and the Grapes,Which is the more interesting folktale? The Clever Rabbit and the Lion or The Fox and the Grapes? ... Answer with only and exactly one of these two options.,The Clever Rabbit and the Lion
5,The Clever Rabbit and the Lion,The Fox and the Grapes,What's the more interesting folktale -- The Clever Rabbit and the Lion or The Fox and the Grapes? Answer with only and exactly one of these two options.,The Clever Rabbit and the Lion
1,The Clever Rabbit and the Lion,Ali Baba and the Forty Thieves,What is the more interesting folktale? The Clever Rabbit and the Lion or Ali Baba and the Forty Thieves? Answer with only and exactly one of these two options.,Ali Baba and the Forty Thieves
2,The Clever Rabbit and the Lion,Ali Baba and the Forty Thieves,Which is the more interesting folktale? The Clever Rabbit and the Lion or Ali Baba and the Forty Thieves? Answer with only and exactly one of these two options.,Ali Baba and the Forty Thieves
3,The Clever Rabbit and the Lion,Ali Baba and the Forty Thieves,What's a more interesting folktale: The Clever Rabbit and the Lion or Ali Baba and the Forty Thieves? Answer with only and exactly one of these two options.,Ali Baba and the Forty Thieves
4,The Clever Rabbit and the Lion,Ali Baba and the Forty Thieves,Which is the more interesting folktale? The Clever Rabbit and the Lion or Ali Baba and the Forty Thieves? ... Answer with only and exactly one of these two options.,Ali Baba and the Forty Thieves
5,The Clever Rabbit and the Lion,Ali Baba and the Forty Thieves,What's the more interesting folktale -- The Clever Rabbit and the Lion or Ali Baba and the Forty Thieves? Answer with only and exactly one of these two options.,Ali Baba and the Forty Thieves
1,The Clever Rabbit and the Lion,Tấm and Cám,What is the more interesting folktale? The Clever Rabbit and the Lion or Tấm and Cám? Answer with only and exactly one of these two options.,Tấm and Cám
2,The Clever Rabbit and the Lion,Tấm and Cám,Which is the more interesting folktale? The Clever Rabbit and the Lion or Tấm and Cám? Answer with only and exactly one of these two options.,Tấm and Cám
3,The Clever Rabbit and the Lion,Tấm and Cám,What's a more interesting folktale: The Clever Rabbit and the Lion or Tấm and Cám? Answer with only and exactly one of these two options.,Tấm and Cám
4,The Clever Rabbit and the Lion,Tấm and Cám,Which is the more interesting folktale? The Clever Rabbit and the Lion or Tấm and Cám? ... Answer with only and exactly one of these two options.,Tấm and Cám
5,The Clever Rabbit and the Lion,Tấm and Cám,What's the more interesting folktale -- The Clever Rabbit and the Lion or Tấm and Cám? Answer with only and exactly one of these two options.,Tấm and Cám
1,The Clever Rabbit and the Lion,Anansi and the Moss-Covered Rock,What is the more interesting folktale? The Clever Rabbit and the Lion or Anansi and the Moss-Covered Rock? Answer with only and exactly one of these two options.,Anansi and the Moss-Covered Rock
2,The Clever Rabbit and the Lion,Anansi and the Moss-Covered Rock,Which is the more interesting folktale? The Clever Rabbit and the Lion or Anansi and the Moss-Covered Rock? Answer with only and exactly one of these two options.,Anansi and the Moss-Covered Rock
3,The Clever Rabbit and the Lion,Anansi and the Moss-Covered Rock,What's a more interesting folktale: The Clever Rabbit and the Lion or Anansi and the Moss-Covered Rock? Answer with only and exactly one of these two options.,Anansi and the Moss-Covered Rock
4,The Clever Rabbit and the Lion,Anansi and the Moss-Covered Rock,Which is the more interesting folktale? The Clever Rabbit and the Lion or Anansi and the Moss-Covered Rock? ... Answer with only and exactly one of these two options.,Anansi and the Moss-Covered Rock
5,The Clever Rabbit and the Lion,Anansi and the Moss-Covered Rock,What's the more interesting folktale -- The Clever Rabbit and the Lion or Anansi and the Moss-Covered Rock? Answer with only and exactly one of these two options.,Anansi and the Moss-Covered Rock
1,The Clever Rabbit and the Lion,The Monkey and the Turtle,What is the more interesting folktale? The Clever Rabbit and the Lion or The Monkey and the Turtle? Answer with only and exactly one of these two options.,The Clever Rabbit and the Lion
2,The Clever Rabbit and the Lion,The Monkey and the Turtle,Which is the more interesting folktale? The Clever Rabbit and the Lion or The Monkey and the Turtle? Answer with only and exactly one of these two options.,The Monkey and the Turtle
3,The Clever Rabbit and the Lion,The Monkey and the Turtle,What's a more interesting folktale: The Clever Rabbit and the Lion or The Monkey and the Turtle? Answer with only and exactly one of these two options.,The Monkey and the Turtle
4,The Clever Rabbit and the Lion,The Monkey and the Turtle,Which is the more interesting folktale? The Clever Rabbit and the Lion or The Monkey and the Turtle? ... Answer with only and exactly one of these two options.,The Clever Rabbit and the Lion
5,The Clever Rabbit and the Lion,The Monkey and the Turtle,What's the more interesting folktale -- The Clever Rabbit and the Lion or The Monkey and the Turtle? Answer with only and exactly one of these two options.,The Clever Rabbit and the Lion
1,Anansi and the Moss-Covered Rock,La Llorona,What is the more interesting folktale? Anansi and the Moss-Covered Rock or La Llorona? Answer with only and exactly one of these two options.,La Llorona
2,Anansi and the Moss-Covered Rock,La Llorona,Which is the more interesting folktale? Anansi and the Moss-Covered Rock or La Llorona? Answer with only and exactly one of these two options.,La Llorona
3,Anansi and the Moss-Covered Rock,La Llorona,What's a more interesting folktale: Anansi and the Moss-Covered Rock or La Llorona? Answer with only and exactly one of these two options.,La Llorona
4,Anansi and the Moss-Covered Rock,La Llorona,Which is the more interesting folktale? Anansi and the Moss-Covered Rock or La Llorona? ... Answer with only and exactly one of these two options.,La Llorona
5,Anansi and the Moss-Covered Rock,La Llorona,What's the more interesting folktale -- Anansi and the Moss-Covered Rock or La Llorona? Answer with only and exactly one of these two options.,La Llorona
1,Anansi and the Moss-Covered Rock,Momotaro,What is the more interesting folktale? Anansi and the Moss-Covered Rock or Momotaro? Answer with only and exactly one of these two options.,Momotaro
2,Anansi and the Moss-Covered Rock,Momotaro,Which is the more interesting folktale? Anansi and the Moss-Covered Rock or Momotaro? Answer with only and exactly one of these two options.,Momotaro
3,Anansi and the Moss-Covered Rock,Momotaro,What's a more interesting folktale: Anansi and the Moss-Covered Rock or Momotaro? Answer with only and exactly one of these two options.,Momotaro
4,Anansi and the Moss-Covered Rock,Momotaro,Which is the more interesting folktale? Anansi and the Moss-Covered Rock or Momotaro? ... Answer with only and exactly one of these two options.,Momotaro
5,Anansi and the Moss-Covered Rock,Momotaro,What's the more interesting folktale -- Anansi and the Moss-Covered Rock or Momotaro? Answer with only and exactly one of these two options.,Anansi and the Moss-Covered Rock
1,Anansi and the Moss-Covered Rock,Paul Bunyan,What is the more interesting folktale? Anansi and the Moss-Covered Rock or Paul Bunyan? Answer with only and exactly one of these two options.,Anansi and the Moss-Covered Rock
2,Anansi and the Moss-Covered Rock,Paul Bunyan,Which is the more interesting folktale? Anansi and the Moss-Covered Rock or Paul Bunyan? Answer with only and exactly one of these two options.,Anansi and the Moss-Covered Rock
3,Anansi and the Moss-Covered Rock,Paul Bunyan,What's a more interesting folktale: Anansi and the Moss-Covered Rock or Paul Bunyan? Answer with only and exactly one of these two options.,Anansi and the Moss-Covered Rock
4,Anansi and the Moss-Covered Rock,Paul Bunyan,Which is the more interesting folktale? Anansi and the Moss-Covered Rock or Paul Bunyan? ... Answer with only and exactly one of these two options.,Paul Bunyan
5,Anansi and the Moss-Covered Rock,Paul Bunyan,What's the more interesting folktale -- Anansi and the Moss-Covered Rock or Paul Bunyan? Answer with only and exactly one of these two options.,Paul Bunyan
1,Anansi and the Moss-Covered Rock,The Pied Piper of Hamelin,What is the more interesting folktale? Anansi and the Moss-Covered Rock or The Pied Piper of Hamelin? Answer with only and exactly one of these two options.,Anansi and the Moss-Covered Rock
2,Anansi and the Moss-Covered Rock,The Pied Piper of Hamelin,Which is the more interesting folktale? Anansi and the Moss-Covered Rock or The Pied Piper of Hamelin? Answer with only and exactly one of these two options.,The Pied Piper of Hamelin
3,Anansi and the Moss-Covered Rock,The Pied Piper of Hamelin,What's a more interesting folktale: Anansi and the Moss-Covered Rock or The Pied Piper of Hamelin? Answer with only and exactly one of these two options.,The Pied Piper of Hamelin
4,Anansi and the Moss-Covered Rock,The Pied Piper of Hamelin,Which is the more interesting folktale? Anansi and the Moss-Covered Rock or The Pied Piper of Hamelin? ... Answer with only and exactly one of these two options.,The Pied Piper of Hamelin
5,Anansi and the Moss-Covered Rock,The Pied Piper of Hamelin,What's the more interesting folktale -- Anansi and the Moss-Covered Rock or The Pied Piper of Hamelin? Answer with only and exactly one of these two options.,Anansi and the Moss-Covered Rock
1,Anansi and the Moss-Covered Rock,The Fox and the Grapes,What is the more interesting folktale? Anansi and the Moss-Covered Rock or The Fox and the Grapes? Answer with only and exactly one of these two options.,Anansi and the Moss-Covered Rock
2,Anansi and the Moss-Covered Rock,The Fox and the Grapes,Which is the more interesting folktale? Anansi and the Moss-Covered Rock or The Fox and the Grapes? Answer with only and exactly one of these two options.,Anansi and the Moss-Covered Rock
3,Anansi and the Moss-Covered Rock,The Fox and the Grapes,What's a more interesting folktale: Anansi and the Moss-Covered Rock or The Fox and the Grapes? Answer with only and exactly one of these two options.,Anansi and the Moss-Covered Rock
4,Anansi and the Moss-Covered Rock,The Fox and the Grapes,Which is the more interesting folktale? Anansi and the Moss-Covered Rock or The Fox and the Grapes? ... Answer with only and exactly one of these two options.,Anansi and the Moss-Covered Rock
5,Anansi and the Moss-Covered Rock,The Fox and the Grapes,What's the more interesting folktale -- Anansi and the Moss-Covered Rock or The Fox and the Grapes? Answer with only and exactly one of these two options.,Anansi and the Moss-Covered Rock
1,Anansi and the Moss-Covered Rock,Ali Baba and the Forty Thieves,What is the more interesting folktale? Anansi and the Moss-Covered Rock or Ali Baba and the Forty Thieves? Answer with only and exactly one of these two options.,Ali Baba and the Forty Thieves
2,Anansi and the Moss-Covered Rock,Ali Baba and the Forty Thieves,Which is the more interesting folktale? Anansi and the Moss-Covered Rock or Ali Baba and the Forty Thieves? Answer with only and exactly one of these two options.,Ali Baba and the Forty Thieves
3,Anansi and the Moss-Covered Rock,Ali Baba and the Forty Thieves,What's a more interesting folktale: Anansi and the Moss-Covered Rock or Ali Baba and the Forty Thieves? Answer with only and exactly one of these two options.,Ali Baba and the Forty Thieves
4,Anansi and the Moss-Covered Rock,Ali Baba and the Forty Thieves,Which is the more interesting folktale? Anansi and the Moss-Covered Rock or Ali Baba and the Forty Thieves? ... Answer with only and exactly one of these two options.,Ali Baba and the Forty Thieves
5,Anansi and the Moss-Covered Rock,Ali Baba and the Forty Thieves,What's the more interesting folktale -- Anansi and the Moss-Covered Rock or Ali Baba and the Forty Thieves? Answer with only and exactly one of these two options.,Ali Baba and the Forty Thieves
1,Anansi and the Moss-Covered Rock,Tấm and Cám,What is the more interesting folktale? Anansi and the Moss-Covered Rock or Tấm and Cám? Answer with only and exactly one of these two options.,Tấm and Cám
2,Anansi and the Moss-Covered Rock,Tấm and Cám,Which is the more interesting folktale? Anansi and the Moss-Covered Rock or Tấm and Cám? Answer with only and exactly one of these two options.,Anansi and the Moss-Covered Rock
3,Anansi and the Moss-Covered Rock,Tấm and Cám,What's a more interesting folktale: Anansi and the Moss-Covered Rock or Tấm and Cám? Answer with only and exactly one of these two options.,Tấm and Cám
4,Anansi and the Moss-Covered Rock,Tấm and Cám,Which is the more interesting folktale? Anansi and the Moss-Covered Rock or Tấm and Cám? ... Answer with only and exactly one of these two options.,Anansi and the Moss-Covered Rock
5,Anansi and the Moss-Covered Rock,Tấm and Cám,What's the more interesting folktale -- Anansi and the Moss-Covered Rock or Tấm and Cám? Answer with only and exactly one of these two options.,Anansi and the Moss-Covered Rock
1,Anansi and the Moss-Covered Rock,The Clever Rabbit and the Lion,What is the more interesting folktale? Anansi and the Moss-Covered Rock or The Clever Rabbit and the Lion? Answer with only and exactly one of these two options.,Anansi and the Moss-Covered Rock
2,Anansi and the Moss-Covered Rock,The Clever Rabbit and the Lion,Which is the more interesting folktale? Anansi and the Moss-Covered Rock or The Clever Rabbit and the Lion? Answer with only and exactly one of these two options.,Anansi and the Moss-Covered Rock
3,Anansi and the Moss-Covered Rock,The Clever Rabbit and the Lion,What's a more interesting folktale: Anansi and the Moss-Covered Rock or The Clever Rabbit and the Lion? Answer with only and exactly one of these two options.,Anansi and the Moss-Covered Rock
4,Anansi and the Moss-Covered Rock,The Clever Rabbit and the Lion,Which is the more interesting folktale? Anansi and the Moss-Covered Rock or The Clever Rabbit and the Lion? ... Answer with only and exactly one of these two options.,Anansi and the Moss-Covered Rock
5,Anansi and the Moss-Covered Rock,The Clever Rabbit and the Lion,What's the more interesting folktale -- Anansi and the Moss-Covered Rock or The Clever Rabbit and the Lion? Answer with only and exactly one of these two options.,Anansi and the Moss-Covered Rock
1,Anansi and the Moss-Covered Rock,The Monkey and the Turtle,What is the more interesting folktale? Anansi and the Moss-Covered Rock or The Monkey and the Turtle? Answer with only and exactly one of these two options.,Anansi and the Moss-Covered Rock
2,Anansi and the Moss-Covered Rock,The Monkey and the Turtle,Which is the more interesting folktale? Anansi and the Moss-Covered Rock or The Monkey and the Turtle? Answer with only and exactly one of these two options.,Anansi and the Moss-Covered Rock
3,Anansi and the Moss-Covered Rock,The Monkey and the Turtle,What's a more interesting folktale: Anansi and the Moss-Covered Rock or The Monkey and the Turtle? Answer with only and exactly one of these two options.,Anansi and the Moss-Covered Rock
4,Anansi and the Moss-Covered Rock,The Monkey and the Turtle,Which is the more interesting folktale? Anansi and the Moss-Covered Rock or The Monkey and the Turtle? ... Answer with only and exactly one of these two options.,Anansi and the Moss-Covered Rock
5,Anansi and the Moss-Covered Rock,The Monkey and the Turtle,What's the more interesting folktale -- Anansi and the Moss-Covered Rock or The Monkey and the Turtle? Answer with only and exactly one of these two options.,Anansi and the Moss-Covered Rock
1,The Monkey and the Turtle,La Llorona,What is the more interesting folktale? The Monkey and the Turtle or La Llorona? Answer with only and exactly one of these two options.,La Llorona
2,The Monkey and the Turtle,La Llorona,Which is the more interesting folktale? The Monkey and the Turtle or La Llorona? Answer with only and exactly one of these two options.,La Llorona
3,The Monkey and the Turtle,La Llorona,What's a more interesting folktale: The Monkey and the Turtle or La Llorona? Answer with only and exactly one of these two options.,La Llorona
4,The Monkey and the Turtle,La Llorona,Which is the more interesting folktale? The Monkey and the Turtle or La Llorona? ... Answer with only and exactly one of these two options.,La Llorona
5,The Monkey and the Turtle,La Llorona,What's the more interesting folktale -- The Monkey and the Turtle or La Llorona? Answer with only and exactly one of these two options.,La Llorona
1,The Monkey and the Turtle,Momotaro,What is the more interesting folktale? The Monkey and the Turtle or Momotaro? Answer with only and exactly one of these two options.,Momotaro
2,The Monkey and the Turtle,Momotaro,Which is the more interesting folktale? The Monkey and the Turtle or Momotaro? Answer with only and exactly one of these two options.,Momotaro
3,The Monkey and the Turtle,Momotaro,What's a more interesting folktale: The Monkey and the Turtle or Momotaro? Answer with only and exactly one of these two options.,Momotaro
4,The Monkey and the Turtle,Momotaro,Which is the more interesting folktale? The Monkey and the Turtle or Momotaro? ... Answer with only and exactly one of these two options.,Momotaro
5,The Monkey and the Turtle,Momotaro,What's the more interesting folktale -- The Monkey and the Turtle or Momotaro? Answer with only and exactly one of these two options.,Momotaro
1,The Monkey and the Turtle,Paul Bunyan,What is the more interesting folktale? The Monkey and the Turtle or Paul Bunyan? Answer with only and exactly one of these two options.,The Monkey and the Turtle
2,The Monkey and the Turtle,Paul Bunyan,Which is the more interesting folktale? The Monkey and the Turtle or Paul Bunyan? Answer with only and exactly one of these two options.,Paul Bunyan
3,The Monkey and the Turtle,Paul Bunyan,What's a more interesting folktale: The Monkey and the Turtle or Paul Bunyan? Answer with only and exactly one of these two options.,Paul Bunyan
4,The Monkey and the Turtle,Paul Bunyan,Which is the more interesting folktale? The Monkey and the Turtle or Paul Bunyan? ... Answer with only and exactly one of these two options.,Paul Bunyan
5,The Monkey and the Turtle,Paul Bunyan,What's the more interesting folktale -- The Monkey and the Turtle or Paul Bunyan? Answer with only and exactly one of these two options.,Paul Bunyan
1,The Monkey and the Turtle,The Pied Piper of Hamelin,What is the more interesting folktale? The Monkey and the Turtle or The Pied Piper of Hamelin? Answer with only and exactly one of these two options.,The Pied Piper of Hamelin
2,The Monkey and the Turtle,The Pied Piper of Hamelin,Which is the more interesting folktale? The Monkey and the Turtle or The Pied Piper of Hamelin? Answer with only and exactly one of these two options.,The Pied Piper of Hamelin
3,The Monkey and the Turtle,The Pied Piper of Hamelin,What's a more interesting folktale: The Monkey and the Turtle or The Pied Piper of Hamelin? Answer with only and exactly one of these two options.,The Pied Piper of Hamelin
4,The Monkey and the Turtle,The Pied Piper of Hamelin,Which is the more interesting folktale? The Monkey and the Turtle or The Pied Piper of Hamelin? ... Answer with only and exactly one of these two options.,The Pied Piper of Hamelin
5,The Monkey and the Turtle,The Pied Piper of Hamelin,What's the more interesting folktale -- The Monkey and the Turtle or The Pied Piper of Hamelin? Answer with only and exactly one of these two options.,The Pied Piper of Hamelin
1,The Monkey and the Turtle,The Fox and the Grapes,What is the more interesting folktale? The Monkey and the Turtle or The Fox and the Grapes? Answer with only and exactly one of these two options.,The Monkey and the Turtle
2,The Monkey and the Turtle,The Fox and the Grapes,Which is the more interesting folktale? The Monkey and the Turtle or The Fox and the Grapes? Answer with only and exactly one of these two options.,The Monkey and the Turtle
3,The Monkey and the Turtle,The Fox and the Grapes,What's a more interesting folktale: The Monkey and the Turtle or The Fox and the Grapes? Answer with only and exactly one of these two options.,The Monkey and the Turtle
4,The Monkey and the Turtle,The Fox and the Grapes,Which is the more interesting folktale? The Monkey and the Turtle or The Fox and the Grapes? ... Answer with only and exactly one of these two options.,The Monkey and the Turtle
5,The Monkey and the Turtle,The Fox and the Grapes,What's the more interesting folktale -- The Monkey and the Turtle or The Fox and the Grapes? Answer with only and exactly one of these two options.,The Monkey and the Turtle
1,The Monkey and the Turtle,Ali Baba and the Forty Thieves,What is the more interesting folktale? The Monkey and the Turtle or Ali Baba and the Forty Thieves? Answer with only and exactly one of these two options.,Ali Baba and the Forty Thieves
2,The Monkey and the Turtle,Ali Baba and the Forty Thieves,Which is the more interesting folktale? The Monkey and the Turtle or Ali Baba and the Forty Thieves? Answer with only and exactly one of these two options.,Ali Baba and the Forty Thieves
3,The Monkey and the Turtle,Ali Baba and the Forty Thieves,What's a more interesting folktale: The Monkey and the Turtle or Ali Baba and the Forty Thieves? Answer with only and exactly one of these two options.,Ali Baba and the Forty Thieves
4,The Monkey and the Turtle,Ali Baba and the Forty Thieves,Which is the more interesting folktale? The Monkey and the Turtle or Ali Baba and the Forty Thieves? ... Answer with only and exactly one of these two options.,Ali Baba and the Forty Thieves
5,The Monkey and the Turtle,Ali Baba and the Forty Thieves,What's the more interesting folktale -- The Monkey and the Turtle or Ali Baba and the Forty Thieves? Answer with only and exactly one of these two options.,Ali Baba and the Forty Thieves
1,The Monkey and the Turtle,Tấm and Cám,What is the more interesting folktale? The Monkey and the Turtle or Tấm and Cám? Answer with only and exactly one of these two options.,Tấm and Cám
2,The Monkey and the Turtle,Tấm and Cám,Which is the more interesting folktale? The Monkey and the Turtle or Tấm and Cám? Answer with only and exactly one of these two options.,Tấm and Cám
3,The Monkey and the Turtle,Tấm and Cám,What's a more interesting folktale: The Monkey and the Turtle or Tấm and Cám? Answer with only and exactly one of these two options.,Tấm and Cám
4,The Monkey and the Turtle,Tấm and Cám,Which is the more interesting folktale? The Monkey and the Turtle or Tấm and Cám? ... Answer with only and exactly one of these two options.,Tấm and Cám
5,The Monkey and the Turtle,Tấm and Cám,What's the more interesting folktale -- The Monkey and the Turtle or Tấm and Cám? Answer with only and exactly one of these two options.,Tấm and Cám
1,The Monkey and the Turtle,The Clever Rabbit and the Lion,What is the more interesting folktale? The Monkey and the Turtle or The Clever Rabbit and the Lion? Answer with only and exactly one of these two options.,The Clever Rabbit and the Lion
2,The Monkey and the Turtle,The Clever Rabbit and the Lion,Which is the more interesting folktale? The Monkey and the Turtle or The Clever Rabbit and the Lion? Answer with only and exactly one of these two options.,The Monkey and the Turtle
3,The Monkey and the Turtle,The Clever Rabbit and the Lion,What's a more interesting folktale: The Monkey and the Turtle or The Clever Rabbit and the Lion? Answer with only and exactly one of these two options.,The Clever Rabbit and the Lion
4,The Monkey and the Turtle,The Clever Rabbit and the Lion,Which is the more interesting folktale? The Monkey and the Turtle or The Clever Rabbit and the Lion? ... Answer with only and exactly one of these two options.,The Monkey and the Turtle
5,The Monkey and the Turtle,The Clever Rabbit and the Lion,What's the more interesting folktale -- The Monkey and the Turtle or The Clever Rabbit and the Lion? Answer with only and exactly one of these two options.,The Clever Rabbit and the Lion
1,The Monkey and the Turtle,Anansi and the Moss-Covered Rock,What is the more interesting folktale? The Monkey and the Turtle or Anansi and the Moss-Covered Rock? Answer with only and exactly one of these two options.,The Monkey and the Turtle
2,The Monkey and the Turtle,Anansi and the Moss-Covered Rock,Which is the more interesting folktale? The Monkey and the Turtle or Anansi and the Moss-Covered Rock? Answer with only and exactly one of these two options.,Anansi and the Moss-Covered Rock
3,The Monkey and the Turtle,Anansi and the Moss-Covered Rock,What's a more interesting folktale: The Monkey and the Turtle or Anansi and the Moss-Covered Rock? Answer with only and exactly one of these two options.,Anansi and the Moss-Covered Rock
4,The Monkey and the Turtle,Anansi and the Moss-Covered Rock,Which is the more interesting folktale? The Monkey and the Turtle or Anansi and the Moss-Covered Rock? ... Answer with only and exactly one of these two options.,Anansi and the Moss-Covered Rock
5,The Monkey and the Turtle,Anansi and the Moss-Covered Rock,What's the more interesting folktale -- The Monkey and the Turtle or Anansi and the Moss-Covered Rock? Answer with only and exactly one of these two options.,Anansi and the Moss-Covered Rock
